-- phpMyAdmin SQL Dump
-- version 5.2.0
-- https://www.phpmyadmin.net/
--
-- Host: 127.0.0.1
-- Tempo de geração: 27-Nov-2022 às 01:58
-- Versão do servidor: 10.4.25-MariaDB
-- versão do PHP: 8.1.10

SET SQL_MODE = "NO_AUTO_VALUE_ON_ZERO";
START TRANSACTION;
SET time_zone = "+00:00";


/*!40101 SET @OLD_CHARACTER_SET_CLIENT=@@CHARACTER_SET_CLIENT */;
/*!40101 SET @OLD_CHARACTER_SET_RESULTS=@@CHARACTER_SET_RESULTS */;
/*!40101 SET @OLD_COLLATION_CONNECTION=@@COLLATION_CONNECTION */;
/*!40101 SET NAMES utf8mb4 */;

--
-- Banco de dados: `bd_tcc`
--
CREATE DATABASE IF NOT EXISTS `bd_tcc` DEFAULT CHARACTER SET utf8mb4 COLLATE utf8mb4_general_ci;
USE `bd_tcc`;

-- --------------------------------------------------------

--
-- Estrutura da tabela `estudantes`
--

CREATE TABLE `estudantes` (
  `id` int(11) NOT NULL,
  `nome` varchar(200) NOT NULL,
  `email` varchar(200) NOT NULL,
  `senha` varchar(200) NOT NULL
) ENGINE=InnoDB DEFAULT CHARSET=utf8mb4;

--
-- Extraindo dados da tabela `estudantes`
--

INSERT INTO `estudantes` (`id`, `nome`, `email`, `senha`) VALUES
(1, 'Josefina Soares', 'josefina@gmail.com', 'joseejose'),
(2, 'Josefino Soares', 'josefino@gmail.com', 'joseejose'),
(3, 'Joserica Soares', 'joserica@gmail.com ', 'bilhões'),
(4, 'Joserico Soares', 'joserico@gmail.com ', 'multibilhões'),
(5, 'Glória Souza', 'gloria@gmail.com', '123456'),
(6, 'Maria Jose Souza', 'majose @gmail.com', '123456');

-- --------------------------------------------------------

--
-- Estrutura da tabela `tccs`
--

CREATE TABLE `tccs` (
  `id` int(11) NOT NULL,
  `titulo` varchar(200) NOT NULL,
  `ano` int(11) NOT NULL,
  `arquivo` longblob NOT NULL,
  `fk_estudante_id` int(11) DEFAULT NULL
) ENGINE=InnoDB DEFAULT CHARSET=utf8mb4;

--
-- Extraindo dados da tabela `tccs`
--

INSERT INTO `tccs` (`id`, `titulo`, `ano`, `arquivo`, `fk_estudante_id`) VALUES
(1, 'Fina e Bela', 2012, 0x7866666438666665303030313034613436343934363030303130313031303036303030363030303030666664623030343330303038303630363037303630353038303730373037303930393038306130633134306430633062306230633139313231333066313431643161316631653164316131633163323032343265323732303232326332333163316332383337323932633330333133343334333431663237333933643338333233633265333333343332666664623030343330313039303930393063306230633138306430643138333232313163323133323332333233323332333233323332333233323332333233323332333233323332333233323332333233323332333233323332333233323332333233323332333233323332333233323332333233323332333233323332333233323332333233323332666663303030313130383031386630313136303330313232303030323131303130333131303166666334303031663030303030313035303130313031303130313031303030303030303030303030303030303031303230333034303530363037303830393061306266666334303062353130303030323031303330333032303430333035303530343034303030303031376430313032303330303034313130353132323133313431303631333531363130373232373131343332383139316131303832333432623163313135353264316630323433333632373238323039306131363137313831393161323532363237323832393261333433353336333733383339336134333434343534363437343834393461353335343535353635373538353935613633363436353636363736383639366137333734373537363737373837393761383338343835383638373838383938613932393339343935393639373938393939616132613361346135613661376138613961616232623362346235623662376238623962616332633363346335633663376338633963616432643364346435643664376438643964616531653265336534653565366537653865396561663166326633663466356636663766386639666166666334303031663031303030333031303130313031303130313031303130313030303030303030303030303031303230333034303530363037303830393061306266666334303062353131303030323031303230343034303330343037303530343034303030313032373730303031303230333131303430353231333130363132343135313037363137313133323233323831303831343432393161316231633130393233333335326630313536323732643130613136323433346531323566313137313831393161323632373238323932613335333633373338333933613433343434353436343734383439346135333534353535363537353835393561363336343635363636373638363936613733373437353736373737383739376138323833383438353836383738383839386139323933393439353936393739383939396161326133613461356136613761386139616162326233623462356236623762386239626163326333633463356336633763386339636164326433643464356436643764386439646165326533653465356536653765386539656166326633663466356636663766386639666166666461303030633033303130303032313130333131303033663030653363626664323933373966366663616130326665663436666630303761666162653633653562393462316263666237653534366633656466393535376466343666613339383339346231626366623765353436663365646639353537646665663436666637613339383339346231626366623765353436663365646639353537646665663436666637613339383339346231626366623765353436663365646639353537646665663436666637613339383339346231626366623765353436663365646639353537646665663436666637613339383339346231626366623765353436663365646639353537646665663436666637613339383339346231626366623765353436663365646639353537646665663436666637613339383339346231626366623765353436663365646639353537646634366666376133393833393462316263666237653534396263666235343162666465386466656634373330373239343634663130633530356339383237623539653337316538613162323364373861623536666162643935643163343537303962626662616463316664366131626462363137343861633864653564633437636335323065613066663030383532356263313635616564396361323762343839326665316639363430613336396464643866316438643739643566313535613834623564353333643161333836613335653361363863643364653764626632613464653764626632616533643666326562346339336362346238323430666630303936353336343866636562356563663564623762393232333933663733326661333165306664306436643437316434656136386634363633353730333532396561623534366436663365646639353162636662376535353566376662643162656261663938653465353263366633656466393531626366623765353535663764316266646538653630653532633666336564663935316263666237653535356637643162653865363065353263366633656466393531626366623765353535663764316265386536306535326336663365646639353162636662376535353566376431626538653630653532636162396366366663613861616561666364313464343834653235366466346535646566396461613465336165326162383235383830613039323761303135366564616438356534643232346163633232383730303436613731393237613933356335353261633934393432306166323637613538376333343235303935356161646138633762326437356538323230393635393863313032633762393430333234393237323137336430303135326664386566376665376164623766646661616264366636373035613836313061366464646339333963653661366335333836303934393565623336653565346464383735373333373039373265316132393431366437343962663536363566643865663766653761646237666466613334376438656637666537616462376664666133356139386133313537663530613365376637626666333333666564356334666630303737666630303031386666393139376636336264666630303965623664666637656138666231646566663030636635623666666266353561393861333134376434323866396664656666303063633366623537313366646466663030633036336665343635666438656637666537616462376664666161336563373762666633643664626665666431616434633531386133656131343763666566376665363166646162383966656566666530333166663233326665633737626666303033643664626665666431613365633737626666336436646266656664353661363238633531663530613365376637626666333066656435633466663737666630313866663030393139376636336264666639656236646666303037656138666231646566666366356236666630306266353561393861363462323435303236663961343438643764353865323933633064313561626266646566666363313636623839376132353166663030633036336665343637376438656637666537616462376664666161336563373762666633643664626665666464333265336334396135343139303237333239316461333563666562353962323738633531383931303539666533326265326239653730633163333739336662643964333063353633653762343537666530333166663030323335376563373762666633643664626665666464316636336264666639656636666666303037656562313037383965666135366332626438633430666630303762323731353665316238643465656638356436616335343965633861333335383361393833356663646637626666333336353533316366663935376664626231666632336231663061663832373532663134346637333161366133366236653230353063346234303562333933653939616539666630306531346265613966663431656233666630306330343366653335653764613634666532626431613437623864336263343565346338656262356236343261343330656238653639646666303030623537653231363931336532346435313665353537663836653264393339316638303037663233356534363237646163616133373432346434376233366366343238643639613832353531323666663030633262666338623961666638353335386630656561346436393735333562393037653638613531313731323266613866663061653732656564616566346462383564353935653337663263303539643233356336653466356663326236333538663862346465323638326462666235663462353861656530633831333561623964386361376165353066343366343334646234643432633735333863616331333263383138363139306630643866613537616438336135346162643162353437656666616266626366333731373862633464333965383937323739323566613233393366313434303832663233623938383833313465396264343865663538356331616462643564316164363136643339633133663636393062343463376263366464336632333538396430643739663238623862363966343362363332353234396133346634666436326532643731313362383330653761623265653239663461656232336236626139613235393233623962363634363139353631316630343537303135643066383633353733366437303263613736666463636137653432376638316266633064373465313564333934663936616466356633363637356561353538353362643262363965343966653833656637353062636433373536393231393564316531336237326332336531373233623061646238656461656135386436343865653664393931383635353834376331313539626139356239626362636436643331396632653138633866363233396666316138626332356139316465646137636164393533663334353965633762386665623562353235343965323164333964656437643335363635353331313564353035353231366265656664643566653436636664386166376665376264626666646661613365633537626666336465646666656664353661363238633537613566353061336537663762666633336364666564356334663937666530333166663233326665633537626666303033646564666630306566643531663632626466663030396566366666303066376561623533313436323866613864316633666264666630303938666630306235373133653566663830633766633863626662313565666663663762376666303062663534376438616637666537626462666630306466616164346335313861336561333437636665663766653631666461623839663266663030633036336665343636306232626463666661666237666662663534353661323865363861376635306133653766376266663331376636623632376662626666383063376663386536656463313931393231353632613635373038636333613835656638616538366465636531623534326230633631343165346633393236623261643734666261356263383039623536383931316637333333333833646162376236643633383238356535336139323864396466346265663633376363616137326332396430383461653932643663663462646438636462343664613765323863353761323739303333366431623639663861383637626162376236323034643363373139336431353962393366383735613465343936616438643435623736343837656461333664326336623735373062626164623463643436653031653836336235363030666532373135363162346564363534303264613036613538323333633436613731663933353632663133343537646134366162306435396664393635366462343664613634393339623766663866616236626262366637396564646434376537386335336531393632623835646430636139323066353436303662343864353834626531373732323534613731663839303664613336643366313436326163383139623662306566663030633262366437616536346662343563326338376262333666316661643666393138313965643535396566656432333664616437313165656665656139646337663461636161633239636435613636623461373532306566346365326565666332336138356238326430393462383531643934653162663233353837326335323431323138653538646133373164353538363064376137306266386438666339303564336662383835383066643661336239313064656337623265373463396535356666366133313931666166313565366435633035333761643337363364316135386561386266383931336363613863353735316139373836313330363562323865656133666661363732633762383765363339616537323762363961643838663365323738663736373162633633333861663332616431393532373639316539353361623161386166313234623764343266326431383162376239393233633736306463376535356162313738393561373466323735336237353965336563653966326232666264363036343761643266356163386430643462636234383234316537353963613234343364626131666131316562353961616363386531393439353735656533383232383437363864623732333130363936353933636437646531343262363365366634323638643830396165656665653666303437663638376633316133356461316338663938386634336562353562333931633531393365643439646633646539623665346565633439323461633835613037356530393037623632386132393063653962346264343932306432656665663665646333636437306462303238656137303331666436623965623739646564326561333965336531613237306333663061386232373030363738636534386130663234396637613661346566373135393561633761376366373338643330646534333836316230343833336433316335356164613362353733646133636665376638333635353666396263613537386631656464626639643734383137306130376235376433643161386536393462626134376364643661366130646165636438636462343664613765323863353665363033333664316236396638613331343030643535653638613931343733343533343462316534373366383535656432333436626364366566393664326361336463653739363633633261306635323661626337306234643334373132363337626230353139663533633537623366383537633332336333393636653965373739623334633433346164386330633865383037623537393339396536306230393466646466383965633737653066306265646537373762323363656635626630313661336132653965366637636538616536323431393937636263383238336437396561326239323936343438353534623665323539383261323261393636373633643032383163393365643566343435663539633761383539346436393338336535346162623563323963313232626366613466303834666531356631303564366233363530633337353634663138343437373536363961633036336536326238636534316565633031363165393861663266303739653439633163366237633564313964663537326438623961373064313163643639626530396261626234353962356139653462323863663232633664643837396238666630306136386666633366656561653466623861656161633334386433333462353032633334666236623733646464313332653765616537326337663361623165373835663237636463323039663938363464633161333962666463373163316661373037646161346162396435393534373739336239643130613531613661643135363134623132373234393366356134613238613832633530633430323332366232333530663063653864613965356137623038353636336666326461313165356338336665303462383335616434353162366131623965373961396638356635306432636566623539626564393665346630393239306232306636306663303237643962316635616361386534353934626138306539323436373663393163386135356430666131303761353761626232616261623233613836353631383230386338323262636266633762613465623736373363353731613538383234383437666161363261376365343164653364633465313937623830376137366165646133386439643364323761613338656236306531336436336133326234663639303563383566336430333835653430363363376532336264353537643437346662343365353436656163653366653539356261366533663932643739666465366137613834393233343737386432393731643532353234363366653033633061386533643532656531343262306339653532396561313332326161613636356166623931666263393836356461356137326662386566646235306265393466656533346666326437666266373332303566643036346434326536666135653236643532313834316665313831303033663962316165303634643436656134653161373633343263646465353939646266643934653366356165333965333262346637393164353063323531383664313362393336313632666364633565636233666630306437346238653366323036616235643563363835613734356238343330343864643935343036323766316165346461666366343438383066663738653661303762383935646232353830336563326239646339626464396430393235623137663530643532366434356230393032343531306538623161363366333364656233346336633339333831663838613436363636666263633466643464323338363863383063623833653836393063333138656530666432383237316436396430633532346432616334386262396463653032386137346361313366373661373830373932336239613030386237353264323630306165633363303165313864323763353361393464366261383661306630636361383561326236346639356136633065343836336336343761373561353236613261656337313866333362323339306132623662633533653164393363333561653464613762356332346338613832343439303735326137613634373633353862343236396162613036396137363631343531343533313164363738366365666430366565303037393932653633343166663030303263376638316165643438653662386266303632373961636362643535323433326237653062383566653637663261656466313566343338316665313236373833386464326162343437386133313532366461333664373664636533323363353138613933366431623638623830643531636431346634356536386136393932633965303861343932656131343839373763386365613131376434663138313565666230336361643161383936336438666234366530306534303365633662633165646536376235626238366536333030626334656165613066613865366264376234646631376539336138356163373233356434373666323965316131393562303534666635616639376532306135353236653132346234353733643963616537313861393236663533613061343334323964636130386566346235663265376230373262613936396337343433336465356135613962626432613636646637646136383564633037616362313266663030376262393531643761386537616436643530633530633131366137366563393265393732613037666234633664396462396538636466656366343139316433626661643736343435373237373264313738346235343132333135346430623532396236343838646637366436653162663838376134366664313837343063343165653662643263323632356466393234343461333732393731386338333930376136323861376561356137316430613730363331666630303132633935623661653766653564396339653137666463323761376131653361313134636166353533623938333536306161313733616536393536373237393737316138356261343939633135646639323066623831643366316164303164373931393135653564616134313637363137353135396233633331633830346236353361303231353963323964663134383437376363373236646464646361353463613536363836393563663530616139613935393264666539663264623966626334363530666133306539353839613537386262346366656335623533373937613836653935333634616138616365346232396462396639343165623863666533353664376335646132313663333564336337656632343065613366336335353135656365366435643233383564346234343833633431363464613763663165326631306536643234313830633234656631393366646436653965633730376436626366616666633239373930343366363862343064373330363339356336323434323361383262656130663037316539356561666163343936393265613932346236333733313464316338303365363237303736393364376137346161623734373337656237363036313666383136376337343133616533376666303064663430616237643737353662343239633261346239323564346536616435323734653363643165383738613130353439303431303437353034363038613461663562643437343264336635343037656433366561363465643232376361633366316165346235306630323564633434623538346562336137363439336535366663666131616161623830613930643633616132363936336139636634393638636534363861396565656365653263323733303564343264313438336638356161303033323730326238646136623436373661373764386435643236643630353439333531626466663866363830653135346666303063623537656362353536646164326637353964343763626236383165376239393938396461613361363764346636313532633662326561366332646131336236316235383164643437616530363439666139333564303435303466653138663061643865613336643763633265663563343932333336383133323763393037303138316561303932303866633464343337366438623863366661626438636266326533643036323934626232346437623230323931656333393038626430623637646662376235343365316666306664666630303839623532666232353861326534306464323438633730623161666139666630616564626332356630636165623537393133353064376237613433323631393264353066636632306564396337646435663665626634616635386235663064646166383732316264643432316237383535653438653138363062373434633261393166326138333865626633333032366232396437346264643865653662316133663661356231636666303038376665313266383765316433666338626638336564346432386639616532353362356438666664333330306663623565363565323766303935656663336666303031373437323231393965636533373133646135636138323062373363323133666465303738336564636437643337366465313464326130623730393737366231646635633165363562386239356465656564646338636664643165383036303061663332663139666333386263643662356638616336653335636263366433653338396135623038303030343434623963333236343963623131393566393865346530666235323461353066376134663431333932396262343531653133616336613537316161656135336464646462383762383939663763616362643333643830663630333831353432626237663136373837626333396531323963643837646132653266373532316362633635383035386266646563373766366165326134326164633436626235343737336339333562343634396162613333396335633565613336386132386161323066343566303564396337306538376636383163633937306534623166346337303037663966356164633932373131646434353663616262653439333263343066653035316663343766316532623262343364343734366433666531633561313137353137663664313965353236313739333061623136656662636665396563303732376433626436323564373862363262323865343136313162636637353266333235643463626234313366656361666130656332626438613138646134613932346234623665373931356230393532353535623761646365646230336135316236623133633235313563626539386637643737323363393335646265666362316665313163306665623562666236626431613733653738613935616437333832613433393234653337626438386636643162366134646234363261656534353836616166333435343838626364313464313263373131666361623766346166303665616261623561326464343462316333313331633239393439303562646330633734613766383433346538663530663132343062323830643163346136353261376265336130666363643761653830333135663364396165363933633363666439353364666139656165306230373161393165373938636237386363353666316336636335386132383532633761396330656235323531343537633965653762363135306464356163313762366232646235636334393263313261313439313163363433323931383232393561343362663632326534383139333933383032396533333865343630666135323466353033396164316266373639373765313664346339623836623538663131333462636664613664316238353234663736356662386465653031656635393165346339613764663462613634656363656431326566383634366666393662313133383037656133656539666330663761623765333362663562306266643336663263653136396235326231326437313232323736623433633461316265623831623437353263613364306435666630303130356232656133613363336139643837656661366236356662346462393566663936623139313936356666303038313266346637303262646463333534373238323663636137313332346530306339323030316339323762353739666562353163336163366163666138633438613264636336393061313262623961653138313362353830666337303364376164366636626261383264656163336137646234393938613738633466336238656631316662616266663032656665633066616436353563343531626232616361643234353039386135386663633839306231383939393336616238303364333237613734636437356165653736363132386238633164376236646231633236616265323562306433363437623638393464656463323963333263366662323138636661313631636239316564383165653662303966633566613831373236326237643361323037623062353536666435623236623732643365316363376536666661353662323933343630663039363530623333333066373265303261666533396165393263666332316133646161303039613734316238376631646336363737666337333835666339366132643239313261313838616565666139653738396532623963636465363466363561376363633066646535383863326333653863383435366464616638643264646564626361623935393633633461393261366532316236623033383366333030333230616233306534363761373561656365366431363263313330633536363738666239323539633234376665383335636664656538316135636563643164643639333163326638633666623336333062306637646137323837663231353531353338626261306139383061616433626162386362396631383639373162313462363766623433666138323131336665666133666432623161663363353632353037636362656632643766653738643932396339663633323166653935363264666332626136336230623362613235636231323264656536333165356266663030623932326632303337613165343131643064343537316630656462373636646235313138656332353866666138616564396362313335613363643137613739316532326137383763336366393236616366636365333665616531616561363332313530613039653134313237663533643466626434316237643338616539326566633131616235616161393566323637646363313135363336336239383966343034376639633536356265386637383937363664373661313931343665373231626535343566353237623061663361373139343235636233646366343631656663333965316161343639373831653438376665313262623562336238373131646264666162353934393231666530663330366430646638316335376263373836336331343734383832633230666232343133373838323262343638646137623936323536313864313838303233666565656532646437656137646162653661366334333232393861343362643065343338653339316433313566343565623765333562633833633331613037386233346239653038653539656438626463613463303131333261366433323434333364313839646337323339663936623039633665643161343235363463656537346231366564363331636236663039386237303231393562656632333033383635336565303832336630613464363065636432366532376331326436613836653930306665323638666537303366313261303531363665613735306265333038336636366239663265663630333865303839313739633765326134666533353735393535393461623064636134313034316565306635313563326437323463656434663965313733636633653162663864616632666630306336643764613064643662356664623136643731363839376236643730343832363337646161363438663831643031323738656462366264303763343062653563626135646530636536326262313131336665636338613537663965646166336266303637633364623666303166386236656635383762633662623065386431353935616331303932656161653766386264633065336433626631356434646465613165326664343235666630303435623062346433656463306338346261373066323337613637316332396566646562623237353632653361316339306137323532643465373335366638373361306134613665336563353039663331633936323537373362333165343936363663393236623961663130376333626432323564313266316163326435363362633438386263343534303139363033333865336437313861656665353962353731313862376435353264306230336239356564663737636466356366316562643261316165323535323439656537376138343635316438653133633364663065626333396531386430366437353766313863343666333530626130613632623163396461383438633835646133393636633735636630326130663164373837376333626162663836366537353264313734613464326635306230343132626335316136633132343437643537613734633930633364303861646564373236623762666437323438333530396136383961333836333462373934323832393165346537373166346639383031396539633532646665396232646265386661393364643465616535373463393231363635356461613437323437316564666436623666366432373234656536336563323261326431663364326663626365373966363166643661636438616462636437663161646563616339303637333233303035383931653833656235353031633031656238613761633932323239303865353437353236626264336233623963306435643164653563373864303266393736626135653961656363643834383834396337623063323865366261636235343964366436323137326331613764613363633261333033373737633061643166383237663065613434363866633564616334343763633233666532356630633833393030663539346666303032316639666135376164346665313664326165316637396235343865343132303931363438376535363037616436393163656264396434366136616665383731353463626533323861653464306536663433663837643033343331646365613732393933376130363130323635343265373965346635616463643462633166613564633639313264613561356134333034623863633732323865343337366339656238616538383734653739663761343335653335346337653232613466396463393964373163333532386337393532336331316132373836363738396336316430393536316538343165363861663438356638376236663330363936656166363633373332336233626232303162373933396530316132626539613339653631616362393962626661316534346232646164376432643633386164323335343962343664346533626338353433313531623539346666313239656132626434623462663132363964616238646236623262313962366565333062326531383537393131356537663031353762343764346535643166353238656565323139633763616561376638393466353134663333636261333839386261393166386437653231383363356261346434323566303965636330663135356165366539366365323739656531393132303465353963396662613364366231323366316365386166383036343964336664653838666630303461653766633464653266386235326233376231623138646334346638663332353731383263336430306166396161333937363232613534353037313638663561613632613934363265353734373536376334356133383638613535643436303232343362373162626632633865643561353364646331366436393235646364333232356263363835646534323436303238653733396166313164613261343832313932663735336433326330346632323263643736383439353666626161393937363338653964313662643561643930633631316536386366363339323865363265613464343563373732396538316164656266653231663135656137616264633562623562353835643463613264313636386236623963333063303532373932613233306335626638376536663533356538396131366166336538623637326539376664396633636539366432393336616531383261373932646633303532633762613932353731386538303534366236663034373334393263373165316466616262313263653437626231653464343934653334643234393165666337306362393664323339636666303038343765353832366262396531646266653931333334613232306439663264346634343034383139303362373461616166316263346535356434616230656336626164323331353466353231313334323838643062346633636164653563313134376637646463663430336433643439653830363464366139643931646230396161373162373434373338346530313263373831643439336432616238626662323632303062636237323439633066646530656235636337383837633539363361316463626461616335303662316161343637313233333933663635623636666565616166663030313931646339666630306562353733636266313337633461316365653762313638386666303063623133363639623366326139373531316362336363366365643135613165613135356566326431366561326337303163376464333563663738373363353936646165346132646132623634623264343731393562353436666463646366613838663366373166663030643965383662613638613534396132353932333339353631393135353139356365636333653232333539363962396361356534306335373730346664666330633165336666373937396337663466633662366130393132653230386537386665653438613164376538363962616234336232353439643766386238336635616137613733346636396137633866323561636164363639373036323865363866306330363438633262306561333936303262623730393535343234643462613965323637663835653738633662343136616234363634373862666334323961356332393637366337373566333935373532336163333833393064663563386532623861396466353662386237393061633332633730343865376363323436306338646434393633643466356661353761393464613335623439336234623138663231653436326432633931383162646664623731653430666135343533363966366236343365343864363362353963303865653162313964386466633132313364373832373037643962646162336337353061623234656166363363646362616235313533386431396236393364646639396535353065383961386366366432356361646231356237386339306632626230353530343736653662643533343864326563623565663830373064613661333762313539333433376632376439323639303136303634646463323830333234653737333063303037643662386562656431613437643537656331373937393235616462333464623564353436343037653830396564656439666135376239666332666431616365643363313365353739343933356335383564646334353163623232653539303136303465336430393034373461663261366434613932613931666539396561353561353261313838373461356632663432646539336139356533643836396461376439613262613639663637303234656433613135393234653336653535373363376464323732376434373135643235333132323865333632633838616135626139303331396137643739623339373333626233623233316535353634343930636465343936366461306231313830346636613631323538393263373234643235313461666135383134353237373238366164313037623232663865353038323064363064373433616133383462303730346632633430313563663534623335383963626638393666326365653833353934373663663731373638646535383734346365643632336565383364343965343730333334636631656561336664386265303562383836373730326561373839366435343133636233313030333166633036363964616337633465663064373837363639643264326336333966353738663331633932633331303063356261316362396539663531396166336464323636666630303835613365336262366233643737353236643365303934333235623234323962383036656262303634663034663366333163653438616561383532646134663634373335346163393236393665373037313432663334613931343331626339326239633261323239363636336538303065623565646666306466653061346632636430656231653263383363623839343837383734653666626365376231393364303766623364376436626434376333376530306630646638336531303734616232356662356630306464346337376361633765613761306636313861656262313539643663363566646438316336613232326161613830313430303030633030336130313462386132386165303238323861323930396130303530323861653362633437653238643466343864353365636231356263303232323831393164663234623866653963643135653964316361663133353630613731346163666363653539653332393432346533323761396537656362636665303239333135326232663366383061346462356636633763663131653238633534396236386462343035383866313536373436623838366437633437366633346566623432356163653633353030393265653432613835353033393264633965303534356236623033353266313263626134366235313864333932333662653861313931376366363139666233313730303665356666366631393165643961653563363461643435396435383262616163396133643261346262666233303536626362356262623234366530343937333039343466633562613066633731353165613131376461343561646139626566623134333731323835393265303735306130313362343166353663363262633336646263363765326264316235306238626262376437656532356337666166386565316363623133393366633035356232306665393564376438376334356432616532633736656262613264633538323465613433623639613536343832343037613936383166383566663030383064373861613764636661376661643337313661343736373662376631353936613636636335633137623635343732643233623634323663303065656534396330633163313139633634306539643262396266316466386231663430643238663931323934643733353338623663323833656635386439396665323365393234393866613831663461633562396631636638343734353830623638373637373961383563616533636234626138383433366538343732306232383235396330336338356365333335653666376437623764616465616233356535646339323564356635646362623939386632356438663430336639303135333239373433323935353665326130383933346664333965653664333530626236383564656465643264636262333065386165343835356366653236613837343163643761613966306464666439376333653937343564333663616532666630303530643461353532646534613637363232623030376630326639303039656333336461623066346166383566613965613537356636366238626138656466373665343865343438646134386534373532343361326266306135383630653730346637663433353961393639373634623836616132623733386439363162386433366564303666323933323034393931643465303863383063303866376534353761396462663838653439336333353236623439303263393233633236363932336365643165366139306232653364303163616266666330386437343937356630656234333462643865663735333436396334373132613830656662363230616130306339633735653964636435316630393738303265326633343764343961666536666230363933333564636566366631343531383332626334633336396530663061613430353233383234653031613938353734616563653838633235343634613462613939376138366165643264666539663638613839663637626362353337306164666334313837333863666432613464333763656238373965313739336664313630393936353538633265333332313430333263376265303734316561373335643731663836376131656131363936323664373538643430306234386361356234623162613163323931386537653531396532623862663134373830616633633363323362623936653864653562636364653562336133336130636636306333336331323037303733386366316539356235326336643338636165643563646231313465373862613765633533623336643162383134396538323931653131323436633865396239313831353630343735303662396666306335396539373136626236643036613730626366363737306532316333346565613232363366373538366432303735633033663561663537316530356630656139336232633635343364303835626139343766656364356439666462353439616436326366313662653431356538346639356339316536343763333333366164363732356435636534646164396339663634393234353666396136653031353237643330303830346637323262356263303365323738626331666165356536393561383334386461356464393132333465343936313665653030356362313366633234363031663463306165666131663039653933366231356334353661393733303235633633636531316463626665663038313830346534396537316465623963643466653134363935373931623739316138356532333865353136373039326138663665383065333363663563653739616630623961326562346134613536386265383762333239636535343233303961626339373533643036343430613431343630643162306463386361373231383762316161333763646138323962373336313134313230333330313338393563616532336565353764633537393336386461613662356531316434613664333766623431383561633332366439366436653431393232346366323164346664653535336466303738653738333861656332633765323234333264646664383666373439626238616563343965353135623636353964346237366331303431653437323338653661616136316137313737386162613661653637306161396162346237336234613262396162356631653638313764316262646164643363396535396461656164316232313533653837323261626364653237313766323862376236353732306635643833313831656534643732623464366537346135376438626661613564386238393834373139636132373731646364373233616365623064323334396136653939333766613466646439656531373931366533626530663432666538336237353335623736396137346261663662313236396562336362306439356263303234626136383465643737326337303931383666653163383063343931636533316433333564333562663833623435623164313765633130353961616162373437666533306337626536623561353532386433396137353535636535633464343966326238353264666239663335356637383131633565346230343137363763663763633930313962613463626463363762333065666562396364373266323435613836383161396138396132393664366565303735393032623032613738333930343762376238616661646666303065313032643266633862363234623335643431333234653933623733383261373931623761363038633833663561383365323066383036633763373361323334326361393136613530323933363737323037323837666261646561613762386564643662623261653361383461363935333464323363666135346561323566626336366466383732646533383334306231326163616563663061633836343163656532633333643766316164376163316630373639656661353738353663326336353730643263313132613462383933373835373030303630306661363733356264356533643437373962363734613536353630636431353561353732643265633030623230313936646137396366366139303465613338363035336430623737616365653362313264333538383033323438303037373335313766616637636666303063623331643366646133666531353837653239643265666235306232386130643364313466636662613463626564333863373166383536623461306161346434356262323764343939623731386236393563653062353862623932666235386239393634396663663061653535313830633064613066313831653934353562626466306265613761373436393234623132626162663166626136636564336538363861666238613138396333343639633633313961623233653736616431616432396236643665363439356537663031343261313632303238323439653830306339616634336234663038356133363863393035643435623665646330363739353465346139663431656435373334646630626438363939373832653631663331613435356461333739636530663733356537636633636132393365353464626539653637353437326539626235643965363266313363366535323434363436316435353836303861346462356465373866366665636563623438643932646163643364643461343739323231383062623730343634393364303765323662636463356664646231663937343662633230663732663138336639366561656463306533626562333466396461623138363233306465636135363465653439376433623561353934623332323137393134363131343063653538663030376536366263633666366565343835656535653338363639396232343739656138346139323039313932376463653466653335653934373536353862666533653663656636646337373636383737303166386139333434356164363932636262353335306235353166646432653137316638316335356437613731616461373335386161313339353164373936653739306462356133346461336366376437303062646134333238343162376166393864383339336564386138366633353233373235393535333632623631343063663435316462663361663532356264663038646132636436376161633336663735363431396135306230373235393563396338633865303361623164636134663632343534666130653933653038643666633339373161393538653934393335636439346162663662623737373230383530373837646239653535383731633737323764326263356139313734653536363762373062346532396463663236643366346162396435346639353633303439373537326364383538363231393230373736366634316462396166346166303666633263643636646166393735306434613238653137353166623834646462386133316533373963373139303332343762653262376166333566643166653165663839613662333662326632366365656565323362656433613762373838303437623639353535363434366636353233373065626338663761663535633832303130373230663230386565326230613932366234333761326133626635343535643261313837346664376564323038633663386135623136623738666561386331623166393132376630333566336565613566313033633433653164643336356630363334353061616539376138333332646331306332356332633835623665343165663933636635633163353764303361386333333363303933646138303665656439633466303032373162393837353566613330323537663161663364663861376630653264376334393737306638386234656434326362346562656238386437656431366637663238383834396337306439656363303730376437313535346464643538386161396633356365383734386265623566313062363835316639366233356237393064373665613038326130306330386333303163363333396639373966626133333961643962373964363664323266616632373631316364653663646636393934306462393331393261313838316337646335356165346663313131646265393361346161633537346237393236393463623135636362313833636332633938326361336139343537303766323335376635636239393263656534646135613335626362363561616463343664323334393231303931663030623964633031663935393534306636656235636435313565356361366430366665323762613263663836376333633734373736643465656166363538376564356239653362306466666262383535623930306537616237336430363030636637613837653234356534323965306262393062326131323634386638303431636633396665363035343565323466313563363232623237386531306433356330326532323931663638353166633463346633633065303066356364373961663862376335366461396462343561373233343463343365663938633339643837316431343133643764636634616364323732393565646131643130353662336265613530376263353638306530393132653436643033666264396533663563353764306236643764306364313236653935343439383162383133386536626537336430656436366434373530343938313032646564643831363631646438316365333166353033663061663461346437366534323066333264643563666630303762393139613839343739373433626631393539353739613662613165386366373736663166646639393037653335323234383932323836386438333239656530643739613766633234313337666366626337663939616231306638616665633731626362323239383935353732636331666535666337333530393333393163306131653363353839336335623666323436303665393630373439333166656339303431336639396165373034356536656362363836323433326136376361363066623439353166333138376562666334613738633163386161666161366262653764653563366135373037313262326564386133336436333466373165613466333866613535376431306664613263323439333765323439363533323635356232353066313833663565303161666137633336316466643561333464666335626166326632336339616233346561333662363362336433616562346664373664643132656565653262356434353437636165643835356261356665663733633037316663343366316165383264366336326231383832343662663762393266643737376533356537373666373137393135653062643530393133663964623935393537653438653730333263623866656562386639623165383438616634636231396234656434663435346434656338306232393539623634643665383332396536306662636135336137643138363065303833636437386638636333613866656632336233666331663633623238353636666464363731336139353937383937343662646266643737346664343965333332343835653438653037326134343633383565306630643830303730343534356531646638613361613639376161383361646464356436613336306338303461333062626437323765353931336137346538343537343761653462373262613664643132323238616464343164636564393732353764633063363366336166323233313361346636633065333231306162386636653262366331643338653232313238353435376633333263346335343234396165613764343361313738396634376631313562393664326566353636373431663363346330616361396635353363666533643262393166313037383965653335313766623363303234623538613336323138303666393938663465373135653335363537663264383661353666326333333462303363306538636232633234303734353237303432393364333863666235376133363938313365643235623532396136623862333037336636616236386237333865376665356163363339316665663265343764326161396531373066383361636535353735643334333836626332623535383561393763636566336331393164633164326366396230326337303634393865343536323161343339653439616539376361336433636537633765313535373438626164333266326339363464326136383235623730333638663235623231376438386563376562636436373366386236633036613662363661316438313764386433373031353466663531356534346531336334353539346531306633623736333634643532386135323636663261326132653135343031346565336432623364373563643331616538646230626438376363303333663762386663666135343337356532356432616432653132313932653433313665616431666363616266353232623238643061393237363531363533613931356162363662353138616139363361396461366132323433363933303931363336646163343065663537326132353137313736366163353236396561383633633439323063333830343762643134616462663233363931386634333435346439373631646438656134616135303661643633373330373964313563323332653731386365306537643330366162373839623537316130373835663533643538386339623462363739353431656563303730336633633535623834393462393561643439346433353734373839376334636638386632323738623266333466623134383934353933373930363630333733333330313933643738313832343865666432626364656537633539616164643338333264636363633939653537636332626663623032616465393765306164376235643838366137373231326365646165356362306261626332353463656363373237636234303062633837336664643036393335396430333463643039363438323662633961366263353338646238306238336565613039633166363264396635303262646338353437303861613731376231386261373136663939616434386533643461646136343234326236656665323065643863376532346633353436666235303865346639323238393033663639313065376630653935393562343637383234666436613465303064613066666263646664303535356462316134393132343731356335653462623130333438646635653037643764326236663431643636656263313361653431613863306631636365336534396530646466326339313166626338633364666630303433386163353862353139653338306335306230386533653966323865376562396635616266653135643234366262653236623362313936313936363861343632643232343665313162363830343933623866303037316339656332386463613437623866383933633231363965333966303363333165396433323234373666313862636432326632363630313763623766626430333965643833633762373165383662613166306434643731613737383362346138623535363537626438653334623737313033383937373337343033323338323730333237653836623233633333366261353439613466666332333137393134366236346632666461373465383434616331323531666334613332373263333737636333373633373634393033613537363131653964366236663032646232356232323434386531393530326533366230333930343761363262316139373465636365396137316235666239363537303438633963303364663135653566653236626666303565396237663766366661613438393762613837326232646363393731666264353234373638636166636130363738303332333138616634303934356563393739306133623437316462616339626637343435386233383164313466313835316562633963653362353730356631353763333336316139626439366132643031333738613865396632633962303463303135633262316337316434663335333465643762313532346637343730373639663132393263373538313735306439346161306138386465373865343032346332663061343634363038656239353663383233316430386364366164386562643366386161663064386638376234396232376238393538326339333462303138343436316262666465323033373565396538366263666564333430643433353764366461633230623231366232616666303061633132313261393032666162313366653464376261373831663432386263336436353166643930393238613439353931393436653939393830306432313164383633383531643836376434643666656339343964643933346533353634643963313738396663336461393639303932376636623235396363643138356361633733333438343761363439313933383163393139303037653232616265383765313366623632613564343936313164633439326139366235623539303935353930306666303039363932316561323330373830303732633761373135643564666263356161366239373737373764316134663163373131393461336165343132373237613764333630666332626236643162633233363161373538633463303563343337616361316135393630623836353162626230306263616531373338303331356264346162656361396632323462356632333936313366366235653530643664316463663064643762346164353734636435353836623536366436663737323863383231343261333866663030363336663138316538336137376166343566383535653066643261666234356239643566356338643564326561346632616364323439393937303862633137313832336162363437643136626236643433343131616235613964336235333930366131613734623930633237353062326332643865316533363530333966633037643762353739656362326236393165316639616464343266646132636438643932303531383036343064623134383165666333353637346538666436353338323935383535653732613336623262646363616631333162363466313864653539653830363634623462343635353438636463333332346163626334396339323465333234306663306436326466656135336464346532313863303965373533633234356363373131663566663639626463663032623436363837656362313436633931303934343462623039666532323362396637636434353034353364633863623031303430376638363331623737353761393462303134653966326539373932303735613664356166613134616462343031333262633937393336663930653738353339306137646366373335626261386463356335663234306232643935393632313233653662363165346239353034373139666130323361663761363665386531383538343762373131383366323833643261633466366132643265626361623864373334623864306130363539313935623034393230366466626439656664363863353437306230373166366261336539366266653832383733626266323935326532356232353936373239323438623163633831353264656530666566393235316361336139316632623830373230396562383335373363336661656135616261356537323664366535343234616133663831666132396663666535336563343761353635656131663631666237356263353365613736373263376235383839326430336338356339666630303936376234386561373865363839353266326461343737643561636165656461646566643337343436373838386463343063313531393033323430633733643762643730633134326134653534366637386339366566623961663333386461356435316431373839623562663333346338366430313031653435313264633031643934316639353766313233663231356537643734656465366334616263633865633366326365346434663735376532343962633934373739303266636432346166643466366339663765633035333936643961313165373465333137313238663935306635386433666334643735653162306561386433653438656664353933356161336139326536333365323938636661396232313565306138353233653866386166366362386432613039363766333633363738323431646532653262633966633237613333656139653234353430306232623466653662666234363864643366313665326264623636623462383838653634383938303363653437323262633763636135373961343736363064356132643963646464343737396136356330626338616532343439343864626636633830303539303762333865386533643962336638353733646664626633363966613861356236616536643834313336376361626238373230313366656461396662613766343135646562323837353261633033326230633130376264373939663865326439326365666164613030343131623561343139656361373030376562666361623063323632613734323737383961643663313532633466626232646662396437323332346138316431393164306632313934383230666533346564626564356333373832616561663131616565636564393536373534666465386235666261633436373063353066346366346639346635663561656465646165323162623830346430333665346339303732333035343865613038656130386634333566353138366335343262326433376563376361653266303933633334646137623737336263663034643963343961373439373630316633363437323834653762306636616561343537396136393361663564653930616631633261386631623163393437656337646162356437633666333663366466363439626338653038373338636662643763656533373264633535346166323961353734643964643433313534363334643435626231643464663661623637613665633337353330346466663030373436303932363861663335623962646239643432653463643733323937376337316538303761303134353735643263386133633862396535616639313834663331366135656561643062356133356335626439366166306463356361393331613065613036373037316331616564333561323666663030343039313264333466383735346662343664353438363536316535316339313836376366663038656137316366313565376563626366653032393937336636623962346362396232623762653965643136373564616366306237323364633765313564313866636235653232366161633165613436313731376563643732343936383731666533386631613864336536623862346433366630646364653930363262396435313765353637633735386130303366643534343361313262633966353364366263393635393565363732656537323766343135646537386237633061626136653961373530623662633961373238633931383831613331633832373030326533646562386664343263313734623931366461373231616630373332323833393538386666373466613931646664663861653437383739353164313965383432616336613262633461366631393863306463343634386365646366323037626434346335623639353033646539633439323439323732346635613932333832343934313635356332323863623339666261613261346430383036333661613866633662623166306265386233323539343365323035396636613162383932643432323966653230613039353766663030363539343931386565303161633064326234326266643632373232636131363735636530636166663030326132666434666630303461663464663063653932646531366237396530393235356434353666383035396563316434663937333633613664303365363063336233386539356164313661333335323932626133396161653261393533366132646561636464353961376436623431643465663264363234333764326364623265363263366536623762373030313564386133613865336237613762353433613434626532333832633230363866633431376438326130383539343263633030666630303831303237663561646466303565383561333564356536623337383664366539376339363438323338366561343165363430303064636438373433636535623233333966653161613361623639316139356134373264636333613962346436623138373930616463343661656561623863656430373030393165663930376562353735333931633966326164336363663637306432626337646538646337653966616637383861376437656433346362396435393136326239646361323538616364333730336234393037396533623131353365616265313862646265626466663464643562353762616438633763393930633261323238633931386662616130303233313930373364376436623866623064366635326431663561643365653665616465336261393264633338643962623639323736363066336366613865376663366262313862653236343263613536653734643961303633643234353730656133656264326230613938366162663164333862623065616434613730616236643865356566376332356165363839363437353833373336663163353930316531326537373931393231343630396534663466393431663561383663336335366538633136373035313866343730633633636664343336326237623531663133353936613561613334623733326237393161376462366662363537353230343933623063366566613865383262386634396131363865343639616535323130383031646165383564396639303066316330316437336339316634616566633236316434653937336436393562623638363132633763653963396336326165383861366437626563353762323666373639363339383434346232396464663737303138376665336136626436366333633631366461613766633761356464626361633766383436333366393537386265613037346639333066313465353163363732633264383065336630363335616265306562366233666630303834613234623339363334623835376236336633333237303164346139336237623830333234376164363338616331646636376237393163663437313131613733393462393765323737336436616633356337623138316165326561653132313839376139363566643037613966363135653733616464643439376461653739386630663930326532353662633330316662636238343534353636316438623163396337366162373764303864336565313665656432646263653939363362393538393138393763333262386331303039336338313965396539386165356535643564323035333234303866376232343837373439333932336537336561376663336235356530333061613962663639323634653233313165646534613331386439323335396134353061633431646334376630616632343966346661643737626135376333393836653663633864343335326262386235313563313936336237643835323263386338343139303737313164636537393335653333333566613464336664613664333734313737393063363336653033623065343131656663353762366663333964366165336334316139656139613962393666326537386531363635656431626564336239376562396339666361623763363632323761373233643038386337623963343738616663313937396136343666376436333732393764313437396633306132313439363330336262323737316561353766326163376630386539663737616664633462303561646264613435316330396536356335646364383438613130376131363663373339656332626462623562663063636437326366376461343466663637626363656537383966393836373366656430666531336665643066633431616632376232636639656661333566356266663030363732633537323635396564313836303039643865346233386565336130346665316337323339323731636162313735313266333262393531643365383761313564363833373862616135646463323464303465396236646565373463303933616138303739333936313931396538373638636530353639656235366466663039373738346536623462663766646664626365363233323831663735623162613339303761316331653437643435363764613039373431663361313931636265386637303733326564656236636664613530336230666566363362373364613966313565346661346165626139373463316233316337323833666465326239303066653230616437336361373239346239396565333461633739353562363965626134333438326630303337393063383537636165623837316663343764373863313165633661323737363932343265653732633465343961643166313535653263646532386265373763323934303931316666303036386161386339316562636534376531353863643336666235373932326537323038346366373364303765623565626432613937613638636465386365653363313136393739613465393531656135363137383233623962633162653435393631313234363537323736616533383233626632303865623564643433653338623562353835346562643033363965643930613665323330363462373632376265343763633939663436316638643631643864613862326433656461643537613433313261376534326136373839363434363439313135643138363139353836343131656532623261643937643261616235353637646365306137386661623465376264643133656237653266663064633531313932633665376564623734633332623135623734366661393363306666303033633537393465616637623735613865613332646464653935663335383063326166646434353164303066366665373564383661356531306433656530666461326431396234663939373235396130316632623866373565396639363238623066303863373637613430396137623038656566353136623166656431663363646333326163346133303430643962346535623963373234653739616631333131383239363165356162643139663466383063636630663238333661326639386162653030643161363464666139343862653563346337313165343763636664376634653766636532626131643636313861636165393335323839393532353935643232396532316666326464343930613162316664653034386537643338336461616439643536643666326532643664643735386233393636333138306431363964366363396239623638323032373563386561303831383335393537633937313265626236633933633662316234393237646133633937356334393134373138323137373761366536366365336437653935313835353335383838663262656136313862396332373432346534386431646234366461376532386462356635633763383538343864373961323966316139636431346430616333643837336638306134633534386333396663303532363261326535353836366431646330666361623936643537653166653864616133313731653735623439383231376361366639343133633933383364343933633961656233313534663532643436326433363030636561643234636537366335303237646539316264303761306635336461613261323833356566656335633237323833626335643866316236663036356564383565646437663661613361353935613830346339313735623832376565613437656537663465366261356232663039613565323430643766306639313663393836313638613730353962623665663430336130316437613932373236626134386530396137623931373937656362326464373434353566623930386634343166636366353335363664366435623536393539343333326439323163343932323963313934386561616137643364346665303362643739326434353362343736313466313935623131336636373437653663386163616439653730326462346538653338616465336639356136646266626234663530613366383962663431646562346564326439363330633334656336356238393266613531623939626664646635666431343762643561376233663331613362376461623164386336613331313237316263666131663435316539646561653633303330303734656434323437366430633334323861643335376463653765316238626664306166616561653664383439323562646362393862373439663331393061383162636166323031333965306166313930333233626432656139653266623039623463393664653439323238363437633037353739333639646239663962653536303066366165613334326261623262386237626364316565386333323739366564333038653463313066316231646334653362653138393037663061663366643732643734616436663533356433623434623633336261633962613639343362393836313563663463393338323764616230663662363937326438663636383461613533386633323932653566333239636637373035656462646436613031353134383635343863366631623838313932656463653330333835313961633933613963343332333730316634313966663366393536653738396263313838623031626162316261343539313836316531396331336537336661613931636139323739633633316634616532353264653538356465646565353234386165313730336339646133666634326366346637303064376231383663353338343535333463653361643237353236653666373334316566326430633665313333653766393962623766666362336336646330313830333230653733636665313534663762656635393234353265383431353362333034313533633130333165643564366638316663326636376163656162653464643635613234346465653533316434373631396663326261316435626531623539656161313265663434646431613936326232343733316438636134316331636534316338666333336538343865326239616165333233346536653963626536356336383461373165363437393862633766363637323234363436393134383061313538333063663632373166636261653662613166303965396637623662613964626562333334346631643863326363623334386330396330363532333731663630373139663465663861656139626531386333363736656163663735323435333637323234383430363033643865653037323365393861643738333465666233343461326565636130643631363331663263353363663234366137316462363063613765393861653361623938373337626231376633363734343330353265356262356637313862306464396263396234623664336164653764346134353932373739313263393337393430663963313632333831646261396132653763303361613565656134326664626333666630303633623736353633326337326466633731373938666336316230613465336265373931356562623631373336373336383930356335386639353662366232633431653330613831353533323366626264333230663138663661653637353131613135633463363362656435663531626439353739363538653733316138666165633030306137656465356362636162363339313532386139373337353338636232663034643964646561346261356266383766346631323439316234386633333564333461623032306330646563343365343963396530373733656435643164626562646531646430336333366661323738356566356164316532636639373739326438633933633663643966393963393166376339653739653966353135636166386433356664316634396235313165386230396236333333326335373936653235323561656131636537316365343832303966363034313232616466383566356464313335326236363861306238386265643062636263373238646163303764306661376235363465656637333532376232386635326435326630346133633435336465346530663133646235663164636266663030366362653532626634646235363335366431623531626539363262386264623866623464653562323935383665346137393137306133666261356330646165626665636261393165653261613662336165373835326364346664626135623539613535653931633262653634393966366462643366333135386666663030306231623563663364656333343638613638653235663930343537386465373339633865383833303461396537386534666432616133346535326439303162363961663466363531363935313661393034306336666530353734393630366639373234376464363533643364333230393139616137616136613130306431316339323434353035633862363437376533373434623839303833666565653061666530326233623361393662653565643763383832636134383231353831613730646536343736393032623665323939633630633837303337373363363262316164666334653334663964343661336135343561613562633263363662373639316361373936613562656630353163366533626232343933396536383863323532643930313837306363646166353935636263623234373335633561393762393438393739363939356462326339396566623439636533646364353466623637396533633939363364383866633262613336373639656466346166343636643737633235376633616465623431333639316139633637663735373132303064316139653963393030663164386534663230396165353665373461643136306437656465316239643463356264626365306263633134656564386464373061653338646164643866353165643562353139346139636639316162323632393334653337336265663066646662366139613135613564633966656235393736633938666566613963316664343536393632623065316631313638313635366631646264616338666534633662383434383664653432303066636161343165326364316633663334623361306635376236393030666535356562613932346235363738393261373236646235316430643732613038323038303431653038336465616163303335356433323638653462336239386565653134623736623566623335646631666261323431303033613863653537303331393037386135623264356634646434356236353964663431333366663731356665366663386633353737313539643561353465623262343935633734656164346132656631643063656365623137316136343561376463306433613338613265323339353131396135343565646366303062303163366566366139366437346662366232353666323233633333363337633863633539646631646439386632366165363238633532613338376135343735383231643563343534616161643336333331343632396638613331356264636332633232306536386139323331633961323964633464306536316366653033663935323632613536316366653033663935323664636434356364326335316434366661326433366430636632383265343930393163366266376134373364313435363034353134616637306637393738636166373732306461373666646438643762323266623761396565363966326366663030646137613862646531333938323132643135613865643865386366663030353234363037623066376137343932323433313363623233366434343532636337643030616633656235356537373635623163313861616364626636353166393935616536373830646363353633323564343736666537303264323438636531373663363361653364636634316638396564356434646139623666623263363264306334366464303035346632383832613030656333313534333430623033313538396262623938633764616166306639386531383634613266663061376530336635323639663737613336323433373761356232353964663066343138386136666636363435316331666166353134643631653563626363376137383435306131316534366235656163643263653361643634646636613162383332343664623633303365363763663531666531353037663663376462656438633632323638323534363331646363346337323633373164353733646337373037623832323964613536393866616465613632646631666538623039306437306465613761383466656137663031646562396462336431333533633333613034333766303962666434366436333931323465363238653535636564356564663966353366353165393562316163356435616539373634363038613338653038393537326332323430333033623030303737333562306336336234623632343063323436626432623864393234366434373533373961346536323831663866343639376437666530323338666165376432393235616463373737623135613062323932656137666236356632653166313838653165643161666137643764366137356237643165656235656233356435313264383435366331396333346562383532653537306231383665393933393264386366343561623764346435396433623431623762646432613162663263663135646366333335636134383039323030666261393935336331316235343166356537616434353539373263346432393435636135613162663639303561633136653136636131383233383762303831343035336639353438613861383038353030303237323731656235653535326539396163663837373537386164653562623039366632623664356261373237363831656134386331666363653764343633396139613466313565616661373565346236623730663262313864386139646237316437643038326361646663656136396535663532623662346163636562373839353164323561316539643263343237383561333631663239316437643262383564353763343761376539333163613634393936353738636564326231623063303365656464303765613764616239646264663133656131373833363933663239656433633836366666303063373738346666633734643731316138376461333531643535653266333161343937333835363633633436336437303338303364383632623666656336616236653661626130326337623861623430663439623535626334643336376264643736656335393639383234366238356235386439393461616236306531386635653465346564316339323762373461653537353666313335643661323765636661376336643631363230653131323365323437663732343764646661306537646561356435333537626364373132326662353436363338656465333030343764613439373138363933653966646466346536623365643264666362353065633365373366613537353631623035366234613637333461366462323861363961636637623132656432646234653736613239363637373364303031643439656235646435396663323964366235373131636637373164616539643139303330623733393739333165656162643366313335636361323938326633656439313462336337333835646131613239353934613866366331313861653866633264653265663131343365323262326232346261626262613832353636353336663732666266373964386334303063646338333930336264366238383864343834356632353932313233343665666531343638626133383865666635346631323363326230306365643865303434356661666363346666393135346563623437643265646136396565333435623264343265636463363463393737613834626535633435376438303061343866643064373733336638363632306266646164616562306264643430376661623436333938653337336664643565396337616635653262636233633466653234393335626238366433616335643936633135386162623033636463393037666630303430316661666432626364386662346163663936653536633437376665323237643436363664316634653730643665383030623839613334643931623265373934386330653862656137626436363661623665323562383933386639356163653563666531386335353464303162336139646431633830386231363439656463623731666130313561623737376636653632393232356639643939306136353437346364376164343239343633346163343337613963646439656562396433643833333166326132313839323563373665633037616231653330326261316432623465356233386263643738643536373765343865626535386665653866376635336463643431613635616665656564653135383832353964623864636133626338666561376639666437313562313561643161373662333634623632653466616431393334393531613463393233623261313264623761623065383066613637643662613334313039336462343337313866333633353632333935366538636137643431316338616463643037356239313637386634626434363432656564633562356362376663623565336565333766623766636665623538353733373331646134343634393065303736316562353935666461663662376338363139643165336339636162323965353438653433306634323066333538643465356639393133613461613436636366353863353138616338663063366165666162653965656233623262356435623338386534373565393237313935376337366338656465613064366465646163643362396536636132653265636338663134363261346462343664613737323663323436336536336634613261343863373236386132653136316363333966633037663261636564373665356163623431626562383863653234343835623631666636386630336635333561616333396663303766326163356631356131336531376266363166633061616537653861656134666630303261636136666464363638393661363363333061646263313163323966373633353061336630313531636236666630306461313764363761366635343939666363396266656239323630393166383964613366316162303465343933353633633362316639646163366135373237396632353233623634336635663964626639616665353563313465336364323438663233303930653761646363666136613734333861333134666462346439356533383632373936353630623161323936363633643830313932366264306264386635616337323561393562636137633632643666363438316165366661643530383465646239353861656633656331376166643262643137343864326131643166346634623538346565323339393234336435643866353237656136623366633337613632613837643665653632303266656661333563363761633330663534343166396534666239663661646661663332613334653464613364313832623435323636326638393666346461363963343237326537393062656137613238666363386163366236383035623562343730383339326133653633656164643439666334653661643662646261653735323835343063633731636161356664623638323766663030343263353537393234383930303539366532333837376630313965343039663931333432343333336635386434323462376237396164656365333333356566393265653134373438643430336633333165633262626362353835366465633664323035666262313562633638336630343032623963393264623461623466306465613330363966373536643334663263326332343738653635393164633931643466333933663864373435363732663966613735396364666633643264653237666364303161653563346264313164373835646438356464613431376436623235623563633632343836343138363533666363316563376465626339666335396130646336383137326233313931653762333766393531636165346138303361373164633065646539633865653037616635363665626236623064646539386631636561306337393034396365333666623833643838656239613963333632613738363966336330656139643138643566373539653135326562313638393139363437333233363365353535316434663661393263366434646263346364323630636632396464323166376634316563323862383837656437616333646361623833363838646662623061383131363536316330373061336130333863666434643561616661393864373964373861393439353866333534333931643832616164633263633837636338396462316464376165326137363936333433383637353037643039613666646136316666303039653862343362336561333239633361613032666535636263333065666430643566306362323230326163373164343135333832306661383364386436366465356164623564323936386535343539303761663461616436393264636461633962313836653566363339616362396461376362326435306366343464356263376233646466383238353834663266666334643935626339663333626339313931386633376561303634316637633165663563316231356233643365343930363033623265633863376130336336376663666135346233646634366333366161326534386336356261643631656133373264336366663633386435653437303365376439646233656666346665373563646339306133373731656131376238626137636331326432363962323439396534303233343164346138313831666537646162353264616438323931333661333265333163386237343366666131313166636162333631316636366333346433343730623633363830333936353165386133613066643661636334666536376663376236396633646431666566633838343866643730336634613734663434616530636437356435633438646535646234303566316330306263653366326134336139646334353233316261386133623738353731633936646365666563303065396638643637356363626162633531326639386139303032343261343762663263633764303261643564623362333564336531666237366162323836393937393062643536336661376162376266653535626139636134656332623232653436393731376438373963333431366537613432306531396266646533643837623066633661646233343736663036343830623161306530303138633762353636356264633564366135373562623264306462323733623037353666663738666634613464353237663331666338303765353566626466356164313461636165326231396237353262656131373035393839313130333866616662306134303931633261343835303030316436613430333030303163303135356166356631313834316663343739616536393539356534636235643865383763303761613764396663343432313930653233626534333137643234356639393766333162383537613965326265376638616535613032363538396361336334343361343966646437356534316663656264663263366531616633346662366261363863633464333434623231343364353439303065326132396365666131633338613835613563633439386133313466646234366461643265373264383233303332363861376336336536333435336238616333643837336638306665353535366665636335666539623735363664386334663133343763666238633535653635653766303166636139333664343364346431316537646136346364336539643033623863343861626232343566656562616663616333663331356264653134353036643735303930373536626537303766303061336661353636656166366137343966313033336533313637613933366634366563393338316633326666633038306338663730366235626332373833363737656264643666363463666532616136623932393265353964393963373436393762336166333564316563366465326233623566383961346630666466616161656533653439333831646330653466653832623533366430353732303832303130376235373533643535386563356133623962363932323462316134623139303531643433323931643038323332323964356362356262366139613332326335363365353565643861373039366233626563373838376132336530383233643938373165623537313363353336656266326464653962613964616266373036643863616266663764323634353739663261373238663433623934643438613133623866333635393164623638646363636334663631353966613364383433376139323661663737366631626339373437373432323534303763613834373038303637613637656631666637616132623937396635613236633664366461656132383236366335633563636431313863326337396534323836653462313163373465333236623865663838666138646563376532326235643264396461316432393630353731306133313531326537323339323361653330303632616639393533386239623432653537353234613039396538313336396661326466306632613438366335636537313935646131393466623131633833356237653135393463626531346433353538393332343131396236393333643433343663353065376665663931356530336666303031326537316233633834316666303065376634616635366638346237363235643162353462313464656431646235643263636163643933386633313739313933646632623966633662386162653231353635366235386565613138363734323537653662396466643732356631303363343736376132663837366565643964636264656463633263623134333166646530306631626366613066653764616235336334646532303862633364613539396636383932656135336535646234323766386466316434666662323361396666303065626437386464663263626138303965346262393064633563346537373439323366353733666430373630336235356530663036656262653637623233366162356239333435623934306361643664376432303037323830323064626564623766663030643735613461633164343332396338336432623266353338363530323262623839306233326165643931343761376166653163666537353135616561323134363135383733666332643565666139663263623935396335623933656133366237366633616339366131353934386333323933636537643661623437363961396237353865323431666564623066653935366134643439393361663936623965383361393335313364633564343965623161396565666337666533613339666535353332353136656637303163366430633661346463356463363938656262313766633661626233633063333130633532646337666237323339353466643361643435333439303431663334616336343631666466656466383734313533653866613365613565323964343835396330336361383937306433333131633434396561646565376232663533646638616361373531326431303337363537363336633734656434663566623937623464316530353935643331653663386238386531383733656137616231663665366262376233663835373634396137303836656635326263666234623164643233646262303434636637303031303732336562356461363866613264396538356136633736313633316564383933393636336637396462626233316565366166656461636639326565663233386537356534646662626131653739666630616165643633333962366436616565336666303037613138643866653738313438646630653735313566663531653234363237666539616462663166613335376132366461333664353238613562313165646537646366313362343834643862646335633661373236666265383634373834613165336362633166656133303733653834353637383965366435616630346164393331613963343439643839663561663432663838336531333562666230626164363263653431313563633330656539643336653434656162636665306330363739663461653466343562353131646238393838656133306266643464363930626364663237343437356332366135316239373532333136353636646234363461386339663733356362376462306235643362343939633133386663366262316163626264643236646466373461626231306635323162383135626435383439613563626430623466623939386163616533326134313135343265646233373034376130303261633031366631346238343934326230656130333634316138326630363236303764353662393636656631323936653664373831666333326461666561343235396430666630303636643963393939343931633461653065343436336462623966636262643762343632623961663837626234663833616463323863363236393431666165663335643465646139613661633866336562343963613561663432336335313861393336643162366165653634333633316633316661353135323436626633316661353134356334336439373966633037663261346462353262306534376430376632613665326130643263353362666433616462353362323932636565653231323433323065343734323066363230663632336231616362663066363862373961333462613834373731373439373330346432323363333236646333663062623465663164333363306534373561653833313436326135613537623830636462343664613765323863353535633263333331343632396638613331343035383636326233663537643062346464373664343562656135363839336130636563323738363432376261393163383335613738613138616132393637363061616133326334663631646364323736366163633135643362613363386663346265303364326234633863343161366366376566373466623733626534353331633431396236616233396336373035386630336438643761383738353133346464316663313961373431363539313132633766626363666466393236666639363835626466373634376230303238643133346262376434626332663764373961396334346165623034636365333338363538383731313030376231303030363165653662383066333335376431616636353936643634333733306233376364393464633234633730306261306534333633663839376166373135653635366137636637653464306636323834366134316139343933373165626464313766653231346432633937373633376563393838313531653031646636623132313836376562383233663061663365643261656136393136333864653436366466336361373965633862633633663333356437656166653235376435333438626162313932633632316536343637393536373235303865343336333637363233333563356538326564373065623331356337656563663165383462313237663938616563636265353531343535333932623538333131326137323937333533643864666364353439643264363333626534383530623165396632386339616235353432653932326465633463386335636636316365326264363965633733393062646332613936373865333438626435383031396663656232613662643936343732393061393234666632663532376235353962393139303337623632333163396635323764326134643262346239373563623936383536346662336462633662623964643436373665376130316565376661353730353761626338396236656338643239633163646439306666306566383665663363343161393739313661376664356633336464333265353230316563336262316563336166376530353762363638666132643965383561373235393538633435363335653539646239363931626262333165653464343165316264313666613064306163656432313832306433363138653331626361386463636566663030633463303166356562393363643665323738376164333166626639326532373665653565353230316663303537636635376532316333353237363832373236313263323465376631626231303632393736666235353866663030383437333461666630303966373666663030626638646665333464376630666462363366373133646363303766643939343931663931616336336335313464626637613962666263383739376165393366633038333664326564613663393631616135623733313363353738396664643666393166663030633261323865666132363733313463316164653635313933316363333639666138663561663562306239623631373133613432353637643939636635333037353231616461656263383932353831326532313738363531393865343532386533643431313833356534333131356432646266623265656362343137313665356133306233326564326561303964616333643431313833633537616463336636626434383966623132616337303033383337313230636565666637343737666164346632373835656336656332396434356134626432613737326639623830616137643830653935636635663838623066383639646131656633666330653861313834396135373962623765363738616464366230613932373933366138363639386661373431353935376365613038366434656634313733643264643162303037643731633961666130376665313133643066313831363038336538346631353461366630333639323534666439613038363332343933623635383536343532376631313966643662396266643663613733643235303637353764356133643234376366646636623836333138623762343338336466363835316661663335316339336234653033336138346330653965393565386265326466303532356263643062666636376333363131336361613234626462353035613335346537323565336663623931383364366236666333356530336430616335393266336564306261616365623836353931386139386430663632313437316639653662643663333633323138613837333533363733353666646366633434646630663663653762356630386332326532323738636362333439326161623863316461633738333865643961656137366434393863643236326262313638616337396432376363656533333664316236396638613331346335363132333566393866643238613932333166333166613531343061633364383733663830666535346463353461636263386661306665353439623661326535643838663134363261346462343664613265303437386133313532366461333664313730323363353138613933366431623638623831316532623237633438356365386364363931313232356265393633623435323362373938633135386666646633626162366236643732396532336435393663623566643339323534316534643930666236623032643833323133623930366431646636663263376266323261326134616431363662343230653735313233616464373634346231643138633130386461386139623134306563613036303766346166336661646462666263643737633535366239643262343833316462613032356136623933623433363362303163353630343961346562623132656534366237393938373538633135323439663430333833666365623932326432343764313531633535326135316535393364346336663131356334663261646265393336393936623962643730383137643431323030316638396330666130333537376334626530626261643135656365366234373337313034373038383539643831656463653162303332333932373037303738333833386330333530643835653437613736623136356166646635393462336231393637353861323830383632626231343232396339633063366533323163666432616436613766313836313738646132383734313936346537316238646337343366383266356139616366313130396336353439366336333561373061623236646264336131653764613965613737393062393838356239386238333936336633306666633737336664326131623264326635636434323438303561363962376637366437333162346230393534633262616139633136303362383036623562356666303031653431616665393866366137346436623639643939376637396536383233363833393230663033643262643033343237623762626630323738376565333464396361656131363562353264393935373234346333383932333233626139303438336638316164356532656133383339643564326337316365313135323461316164636531383763336666313333343765376466356132643934356433373563633830316663313436346437613866383233633137303638336137343732356338663332653963663938373730653864656134376632316438353663356165383866326464326466656137333334643733626237383863316639323366343165663861646161663864636437333739363262646361366564316663636563353138643335363865666463323861323861663130393061323861323930303535366264623062366434323033313563633631633736336464376538366163643134643362303236643661386334363932656530626138616361653234336234663131343838333638373531663465383437613536646634616164376436626636626235363864346564393134383738646266626163336131613764396463306262623438653730333162633732626538376238666365386237353334396362396132393933353134646633313031633137356366613636396434386365633336343864323638396132393530336336633330636163333833356533646533336630626463663834663532316164663837653539326435356366636465346665613138373432336562356563373535333533623431376261376362303935306364386463383038666532316338616564633136333237383561616137316639613164393439373263623636373932653931663135323638313136316436656331613632306530646364613630316337626336376266643066653135653835613465616636316165353832646565396237326233633034656432343730353562623836303739303764616138366164653036643166356564333936376236383536646536393133376139316562653965643563623738303734396265643037633631613935383463653161313762343132336564303430646331663638646333623163363765613262656437326663646539363264663232643235643866336631333834353038623963346634366335313861393331343664616635656537396636313232316633316661353135323434626633316661353134656532623065363163666530336639353236326135363565343764303766326134646235396463626231316532386335343962363864623435633736323363353138613933366431623638623835383866313436323966623638646234356332633333313563363738396563613664366263343731653966366230636433346236663630363437313131303336616339323030343936336466303837303333663331663431396165626565616632643663393733373133326136376132653739336634313539336134646464633562366162616264656165393937373361356534393131383963326533653435343062386537613733623866653335633538616336353061346164333932346365626332643039636135376230646263643365663234663261306262626133313435316334616162366630396338343030363366646463396561373833643761643731626532356431656462346162306261396434346134303838626133373938343164646462613731643464373739613865613461636332373932636566323030313765363266313634376536326161343161373166313063363161373466326634656366303139376536393766633035373064346363663062346139663361393566643066366139643238343231373638633639653235623266303934376136646133343666373439366538613839663738393363363466643761396536623836623866306436613831373763646137636134376139356536626464366436636164616361333039366430323436303761306534666434663561613761616462646331623639356564613539306262306461313737373463663139313565366366386136626466646338326231636631613534646262333363636263326466306632336434386664616166313736633230653336623063386366613031646366653832626430623433643161633663366632653165643232306231343037633938633762663536336539646631356235366236653936393666313562633633303931613835313535333437666638663065376566373962323665666165663335653236326631643562313533373339626639373432656539343561386563356661363839313062656330633062303139633033353561666537333134343135346531396662666130616361353636343730636163343330656635653762396439393534653862396162396430353135343231643438316330393934383366646531646561363337663665303764663237663033346639393130653934393734326364313463383635313334376264343130613466313965663466613634333536306132386132393830353633646463333737363331633836323365366461313736393164353436316433336339666138666436623632386133633861386364633564636537353539353934333239303431313930343737616433623238656539303832373838636666306231656435343664353631623364366536623537316662613633653634333965386239656133663033666365623736613134326363653861643533346235623730613238613261636535316231633639313230343435306161333338303262333265333463396466353439366565646136386531646631616162313634646462633832376166653135616234353639346162346539346239653962623330663533313565376261623263316265623731653537373965303235393437643437353135366431393634343065383433323330633836303732303861626635386433343633343962623065383331363133623664363565643062396538343762316166613663623333643963613661393632336166356666303033333932623631363332353738363863626631326663633765393435343931326663633765393435376435613637396236316363626338666130666535343938613935383732336538336639353337313533373263363632393331353236323939333462313562633464326363656231633661333235393865303061346534393262623161353764313036646133366436363264646466366135636438343462303562373662383964373936666630303735376663366134666563373739313430623864346566323433643732386531303765343262633661663966363161393365353866626465383735633730373266623465633566646235393737373739336366373637346664333861663965333939613536653536323166643466623534376138356234626136353933346236646138646436666338353865333732316637333165383339313961643164333334663564336163643632636565393562653639356366353636336436626365633636376561613532653561303961366364653936313233303763663237376563333263623437623562323666333730363662383363623466326632633466663461623732633262333265313862306661333632613461326265363235323732373739316431636365663733396462666237393363653865633936343233636639313530623033666332373933666130616538313131363338643633343530613861303261383164383534326430363666613339623139633239316433613161623135326236623161353439663332343832386132386136363231646335363364383564326462656133333562343837366163656536343863396665663737316664366236326239656436326366326563333965626264343865306665316566343962623333613238323863396238626561363936613731333135343930306531373833656435396235356531643665656530346632616531336366346336333738313933386637313531666630303661356166336362653764336362333531323833366634336161313461373035636164313636353261323137326337306131346534383364303533326431393965636531363733393632383332366139343932636237656532323534333163333965373737646536666630303031356134616131313432386538303632613634623935353965653661643539366136643538396666343338666630303166653735363262333734653963323933306231656137326266356634616432616432326565386633366163356139333061323861326138633832386132613162396238356237383839636663653765653861346464386134396237363436313661346439643632313735663537356664336666303061643562393637323939366439343965353837303662396439386565626662363139653831646366653538666562356237613637666161393366646561383466353437356437386665656437393137613861323861643065333061323861323830306138616536646432656564363562373766626232323935613936386131336236613062343238363839333335633639663139393333653661303331626537666263613730363861346431393461356536613931316538623732353837666330383033343537653931383161636561653161313337643531653636323231636235363439316136633339666330376632613464623532623266336638306665353439623662373232633432633535313139646338306161333234396563326231616461323361643463623764373461376563383837333664303165386466656462376165376235353964373462343931356265396631396333356534396231383865633833393661626561616138386138613330616133303037613061663937636662316232346436316530666434656663333533353038663366353632643134353135663330366536343564386662346638383263613033663732313064333131656530373166636562356561383334323436626539336564336235616439393431633737646333666135356661306239626261343930353134353134313031343531353966376637646534383634343664626234363564666432393337363261313037323736343561623862613836643530333461646339333835353033326363376430306566353161336466346337373739373135626137613339646566663838316330616164613464613164383266616530313337313238636138336666326364306634303364636637616432373735343532636334303033623961373762306534393237363561386438633438303131323361623163663035353731346439653034396533646166646261316634616139323661363031666464633739316561633731353137663661373938386338353537323431313935366539353065343939373161353532663762313966333562343665653764343166626333626434336636323139666635383731663461623534353636613464316465613732346237313931633439313063323866613966356137643134353462373731333737313337306464623733636533333561313666613831353031363630346666303062343366616436326463623334373361336166613534623064636337333866393465303833383230643561346432626131346539323934366563653839366536303731393539353766313338613161653630356562326166653037333538373435316564313963666635373564636434396235323863306334343062333761396530353636633932336361653564643839363334633636306133326337303261626463346563356665636430316664663330653562623436336434666266613532663761343664306134613362303430376364626239613666653135633434626638373237663566653535626461366165326464396266626364633536336335316163333132633638336535353138313536616461653961646462643530663531346434393733313335613265353162323336613861363435333437333265353138316636656634666164346530363961646332386132386136303134643639313531393135386530623963306637613836376263386131313863656536666565386163653562393236653765643133333064623138326537643030316364346239366236343662306134646162623264363861646536656131616233663666623430353166383238313435343965316138356437346231333438333132356333333465646666303233633765393861326266343563303431643363333432326662316535363237356161656336623330653766303166636139333135326230653437643037663261346335373464636365633631646432383766313364623637666535396461626230663632353830616236363535313330386233663339313963376235353162666238386133663136356134363164346233646262323338656533396338666366303661623264636232646531396261666364633866366166383363653235366336343866356538643337323832663433366138613434373539313033323963613965383639366263653232646430323861613366366239656564393936633531336362303730366532346662623966663634376631376632613737643861363666626661386463653466663030373336613866653534656335373264623732653531353931336539393738613462646264643939626665393963666434666431383533326337353136343632393230373162346564373864666566323161346634333435346239393565326565366263636665353432656666303064643139616536616638393662353930333166626534323932376463383037663964373431373837373538626232393034313030653764343636623965626534646636373232306533323331396138376631323336633334373436373532303035303134373430333032623236666537333263646230316639313366353335366634646263313762363131346333656636333662386634363163313135393464393263343965623933346561363834353138356134656664303461613532633464326463656462343864613537316637383436336565396637336430353564623762373664343636363864316361343131396334393232396534396665656166663533356238383930353963303131313536323839376130313434323336643539623461626662333736386561636333383663663533326238376235346338656564323865376632613733356264656131663961636463386635386463333765396436623435663533386331663931313938376166346131333533386339633334366361336434373334396632333333663639353565623633323536363436376439393261653366383138366436666338643365623632373832643735323833306530333865636333383635336563376235363034396537353864643962356239366463303863633732666630303739376466646664363933613761356431613533613963656564643437356334356536633738666532316338616339363439323139313939353732303966393933613163666138616462613634393061346133653631636661386562343432376362613333613231336535643139393862613831356530633834363362333861353361393736663335346666303062613333353664616338373637653364633533353663343033636230303364383535663334306435636130353331336463346363303436616330663637393361386661306164316235623631366431393139326365653732656334653462316137633730613435663734373365613761643439353132396466343436333339356634343134353233303234373063343764326130393234393630323062363164306637633630643432353732353262393635353939316237323932306661386162306237663730613331626333376434353533386535353935373261376561336432396634366138393934313364643136666662343637666636336632613865346263396534313832663831653862633534313435316363633935346532626130353437326334663739323435613734343730663732373332316665656334306632376631653934653739313633643830383265663231633437316166353733653966346637616433663063343638643064636366323766633766313934613465303866663537386538613364623135656136353338333538386334323532643936613635383961626563653962363864633832333534303131343631353537303037613061326135383837636337653934353764666465633738306565333938373233653833663935343137373361353964396366373266663030373632343265376630313536393937396663303766326163386631333832336333373762633637326130316661366531353864353962383533393439373434366434653363643334393939313635613666646137346533336463623131373937346332373639343735343665616238663631653935306363386431346163386664343165626562356261613030353530336130303262303665356263663932343237663862333866613537653731356136653666393966353364396130646239333564303763333731326330346563336331656130663461376364376232646533633536346130323739653438373635636534323031393663376437613765333539343265613438666534373530343865333961626461326164633563646538626433313831366331316133353663663234653437323364623865623461313136396639316164366137313861653636366661323263363861383861313531343630323865383035353062386434373034616331383366656431613937353039346337366531343165356365336630616339613939636164613233306133346434393733343862346261383563303363623239666138616137613964633436363762376261306262316339663261356337343233623166633064336161393661346466623938643366383961343138666333393334613064623736363734633639633739393161663064643834623637383564346232393166326530663461613532323666386439376434353131363763393463663563353339393832613936336430306364346464646336613261326634323964386465636261366463333361616566386463666566323263653366313165663561313664366333353739356137633361353831336632616664643639376437653862666365623235363336626462623861306365306365663836323362306561376634313564396132326336386138386131353134363134306563326261356637363436326134613066646464643839313435316333313838653234353434316431353436303061633862633963636633316537653435653134376635616437393038353839633932303630316562353831353935343764306333306561656463393835313435313539316434336532393565313930336131633131666164326562386431646336393930646430313837386535303365393965303861386561626466623665623166623366353639363534633066613732366234613665643232373937646535323434393062363630353633653935316339373063626361633464386635333533323265633435356634313465613862616239613564356361663164646133396333306461376634616231353532656131303037393861333165613261366237366464303239336434373135353234616437343534613261646363383936386132386138333330613436353063613534663433346234353030363633383932313930383437646165306635656130666436613738656664373138396430633664656130366535333462333437653664646564636533326239333530626462633838376565393233643435366665656339366137343561333235616565353933376436613366653561666534616466653135306339613833333731366631316666303037653531383166383065613661306333376131666361396539303438666431346664346631346434363238336439633536656332643164613262623133336262336361646331393162616665316538326237653039626563396163646235653266313064663031303463303736373166373562666135363134623665643061303632343163663563373661643062613263666531663932343533663334353263373232396637303435373436313662336135356533333839636438613834363531643364306564613231663331613239663038636236376434363638616664303265376365356163373966353837383966633630656562323661313633613663333136333935336239333363376139336664326164356635646561336138646234623135646465323437366632326530633730343562353466623666376337653935373933346134386338363932363731633634393463323637666166656234663033346562363632636162313937663563366536666363643763343535636432626364353963623433643837633963643738633765653133343762643137646136343664393165366336336362393436376133306533663565623539656561363339313934663530373134356435646164393566396266623634336235633632653233323430646530373436316565336635616238646636376435323231373136373261626236333935653837663131643864373962353137333662313334386662393262623561333332326636323132633462316138303234393164363335366634633963353734663134343930343239313436623834343530616133643030616537363530663164663538303635323331373262623831666336626134363231343136336430306364313066383435383939333736343533643438323938303132633033303363306635616362613763643262346432393736656137613762306136353633323737363664346533636231623037366161646636353332346665373463666238386531353430653030616233343530396234363839643832613162393338623736613961393933323666383539343735633531316463323362393136386133336164343739666531383963386664326261396165343734623934343161633562333337343764643139636661393163376632616561366538393562353934386562623662613235623163663862353761616263636362626262393333633834303237636230373831666436616264313435373333373733363863353435353930353134353134306336343932303839333731353636656438353563396138613238646534396665643133326564323036323334666565386565346662396162313435333465633836313435313435323130633962316534626537643239623665383532303530376139653661353230313138336432393337323865616330376533346566613538373764326332643134303230663432306664323861343230613238613238303138613938393139633963393363376430353365386132383030613238613238303232623931396237366137646461623164306334306239646433356334353132383164663931346163626238363066616435666234623666623536626436313662386361356132396239393838656365373835303662623330333464643561663138326565363735613661333033616638393736396337613063353134663431383236386166643038663065633739643364633464333166626539396330653834636137613766623363376562346436663937666436333438353731393362646436323166393063396664366139626464323338653636623839373831663733653531666135343264373130633637373062373863316635373630346665613662663361353165633866613235343966353635663562396237353237636266326362653761633331373938646666303037643336363939323836393966636531366432326363376163643234646231626634616364396235393438383763663735313232666130666632326232326562633564613464626231306637616365646538613366633031616538383631623131336638363266656531376565613266353638653932363662643638623332366133653631386338373434633665636230333931393364366261373562613462646432626564313039653164333338663433646335373930346465336564333535383838653039613431656135313865376633333564336638326663343966646132326531656431353965336365363462353635646163376434616662653362373761643261363037313130613665353338623438636562343230643237313662346634336133613238326630633837373431323837343363386635316563343735303638616632396162336233323933626130613238616138393732643133393865353037383363316136613264656335613862376231366538613630396133366534336166653734386433343661333235633765316364313636326535363533626362373230656534336237323732616333663835383537343336353736333533643263623730323664626232343566343666663030656264373362336365363636663435316430353336646565323662323966656431303338343665386531626565623066376666316165383439663264393935353638626139303564643161376432393031303436343163386135366239356238376463363137383634336339353363613966373063326162343835656464636261386363366464343761316163333937356231333135636335396132613031373731313163653431663463353437323565363436323331386637333437323438613530393332646534363731646538616166363637333162313237323462373236616335323661636563323932623362303531343531343839306138396564613039333362653234323466323465333966636561356132383465646230313962333432663635666264383964386334336566303237323533646664633535633832373133326530653337306562656635333130313934383233323038633131353935303036623639636337396666303035346662376630656466613536616264663865626239616166376435396565366164313435313539313930353134643132323939356133303765373530303931656336396434303035313435336438343536663039623862623930343330306565376162376230313465333137323736343236643264633530663164616330663739336666616238666565616666303037646262323861653933633339613663393637363264373137343366643336653962636439626664396634356663303537393534626631336634336236643666376464356135633564343136613766643165323834306438616466646533396561376634616436666638356633613266666430323666626633356166616663396630306538326636393531366166633865326334343637336432333666626437663939656232303531356534653365336365386266663030343039626666303066633736386166373266666435386535666162353466326662643766393965366433663839373533396330316536383531386563333366636561383462613835656364663765653635666331623166636161336438343831663431343663333565666432636266306434626530613639376338663961396533366264346638613664666363383938333339636231326337646365363933366434646230643162306437353238323562316366636437646338373639616431643137353539663435643461336261383539383630386463303535346438363864383662336166383738353661366539643435373463626135356135346536613730376161336461333464643465636635633834356364613934313730633365373863373533656533643765393536356339346665313237653935653266363937373735363332303932646535363433396366303738616539656433633766613934346131366532333439383065656438363366616633666164376537643866653133633463323665353837663761336638396634663836636561383439323535373436373734663732646432333864383966373135316337363733346563353938316635336562356361316638386232653338623238633166363431666533353937613966386437353564343130633661646535633637663834373033663231633537323530653139636332373262333837326639623362323739636531363963366631393164636639343234383834623039646631396634656130666131613865626365663462663131366135613563633564323636393134396639393538653733356435646237386561643235353032656164343037663665336663363965333338373731643836376565633739643737343565316233616333643564316262336633333634373364333961623131353862636639353630343239316338663666653935383666653361643361313433653564613936366564393237316663383537336461616638636635316434313161323837313034323762326631666537663161636630643930653631383839356239333935373736353632333338633364323566313764633761316439343862326462363034386232333434376362373261373363386538376538366163313139653038616632396430336334353737613264643137646336343839636663656164636537666336626432663464643565633335353864316133373638363437653838636134383366343366653335636639623634623566326639666264616335656363636630373866613738613864653362663631643335623236633636343563333065373032613935366435646462633936393161346363653836336465313538303037333833633731663865326233656561643161313732343066393439663565383662636238623662373364346133353339623431366339383635393066643435356261636334646538653138373531356135313166333530333031663835346434356164633261633735623862343533626362366634613363623666346163616536323336386137373936646539343663366634613265303336623365653830336161346361336236633533663564613262353633386332383739613566663535306165663763376130656435393839363737313365656238393061383739393863383436376136376235366434656339333663626136666465326636323830303932303031393237383032393936646137346632333835306535623166633231623032613837383833633433366665316562373734386633323565396639373730313830383764626466646561613836316537356561326137346635366363366235343835333464623762313632343865343664353235333031353365356138386438653761623735336639363661363739613338353431623839613234336466326435653364326561373766326365663266646132343532636439633036653261303932653265613631383932373931383165633561626563363363316435613464373364343462653437386233636665393235363531363761336561646533366233643339353936636631333563373430633436373166343166643466653535633165616265323264346235373736333731336236643364353431616365643836386438366265386632666531666332653064356432653639373736373931386163643662353764313365353565343433623464316234643464623064316230643762376361373964636334343031636431353330343339613239613839326534376666666439, 1);
INSERT INTO `tccs` (`id`, `titulo`, `ano`, `arquivo`, `fk_estudante_id`) VALUES
(2, 'As grandes riquezas não vem do dinheiro', 2009, 0x3078666664386666653030303130346134363439343630303031303130313030363030303630303030306666646230303433303030383036303630373036303530383037303730373039303930383061306331343064306330623062306331393132313330663134316431613166316531643161316331633230323432653237323032323263323331633163323833373239326333303331333433343334316632373339336433383332336332653333333433326666646230303433303130393039303930633062306331383064306431383332323131633231333233323332333233323332333233323332333233323332333233323332333233323332333233323332333233323332333233323332333233323332333233323332333233323332333233323332333233323332333233323332333233323332333233326666633030303131303830313866303131363033303132323030303231313031303331313031666663343030316630303030303130353031303130313031303130313030303030303030303030300d0a30303030303130323033303430353036303730383039306130626666633430306235313030303032303130333033303230343033303530353034303430303030303137643031303230333030303431313035313232313331343130363133353136313037323237313134333238313931613130383233343262316331313535326431663032343333363237323832303930613136313731383139316132353236323732383239326133343335333633373338333933613433343434353436343734383439346135333534353535363537353835393561363336343635363636373638363936613733373437353736373737383739376138333834383538363837383838393861393239333934393539363937393839393961613261336134613561366137613861396161623262336234623562366237623862396261633263336334633563366337633863396361643264336434643564366437643864396461653165326533653465356536653765386539656166316632663366346635663666376638663966616666630d0a3430303166303130303033303130313031303130313031303130313031303030303030303030303030303130323033303430353036303730383039306130626666633430306235313130303032303130323034303430333034303730353034303430303031303237373030303130323033313130343035323133313036313234313531303736313731313332323332383130383134343239316131623163313039323333333532663031353632373264313061313632343334653132356631313731383139316132363237323832393261333533363337333833393361343334343435343634373438343934613533353435353536353735383539356136333634363536363637363836393661373337343735373637373738373937613832383338343835383638373838383938613932393339343935393639373938393939616132613361346135613661376138613961616232623362346235623662376238623962616332633363346335633663376338633963616432643364346435643664376438640d0a3964616532653365346535653665376538653965616632663366346635663666376638663966616666646130303063303330313030303231313033313130303366303065336362666432393337396636666361613032666566343666663030376166616265363365356239346231626366623765353436663365646639353537646634366661333938333934623162636662376535343666336564663935353764666566343666663761333938333934623162636662376535343666336564663935353764666566343666663761333938333934623162636662376535343666336564663935353764666566343666663761333938333934623162636662376535343666336564663935353764666566343666663761333938333934623162636662376535343666336564663935353764666566343666663761333938333934623162636662376535343666336564663935353764666566343666663761333938333934623162636662376535343666336564663935353764663436666637613339383339346231626366623765353439626366623534316266646538646665663437333037323934360d0a3466313063353035633938323762353965333731653861316232336437386162353666616264393564316334353730396262666261646331666436613162646236313734386163386465356463343763633532306561306666303038353235626331363561656439636132376234383932666531663936343061333639646464386631643864373964356631353561383462356435333364316133383661333565336136386364336465376462663261346465376462663261653364366632656234633933636234623832343066663030393635333634386663656235656366356462376239323233393366373332666133316530666430643664343731643465613638663436363335373033353239656162353436643666336564663935316263666237653535356637666264316265626166393865346535326336663365646639353162636662376535353566376431626664653865363065353263366633656466393531626366623765353535663764316265386536306535326336663365646639353162636662376535353566376431626538650d0a3630653532633666336564663935316263666237653535356637643162653865363065353263616239636636666361386161656166636431346434383465323536646634653564656639646161346533616532616238323538383061303932376130313536656461643835653464323234616363323238373030343661373139323761393335633535326163393439343230616632363761353837633334323530393535616164613863376232643735653832323039363539386331303263376239343033323439323732313733643030313532666438656637666537616462376664666161626436663637303561383631306136646464633933396365366136633533383630393439356562333665356534646438373537333337303937326531613239343136643734396266353636356664386566376665376164623766646661333437643865663766653761646237666466613335613938613331353766353061336537663762666633333366656435633466663030373766663030303138666639313937663633626466663030396562366466660d0a3765613866623164656666303063663562366666626635356139386133313437643432386639666465666630306363336662353731336664646666303063303633666534363566643865663766653761646237666466616133656337376266663364366462666566643161643463353138613365613134376366656637666536316664616238396665656666653033316666323332666563373762666630303364366462666566643161336563373762666633643664626665666435366136323863353166353061336537663762666633306665643563346666373766663031386666303039313937663633626466663965623664666630303765613866623164656666636635623666663030626635356139386136346232343530323666396134343864376435386532393363306431356162626664656666636331363662383937613235316666303063303633666534363737643865663766653761646237666466616133656337376266663364366462666566646433326533633439613534313930323733323931646133356366656235396232373863353138393130353966653332626532623965370d0a3063316333373933666264396433306335363365376234353766653033316666303032333537656337376266663364366462666566646431663633626466663965663666666630303765656231303738396566613536633262643863343066663030376232373135366531623864346565663835643661633534396563386133333538336139383335666364663762666633333635353331636666393537666462623166663233623166306166383237353266313434663733316136613336623665323035306334623430356233393365393961653966663030653134626561396666343165623366663030633034336665333565376461363466653262643161343762386433626334356534633865626235623634326134333065623865363964666630303062353765323136393133653234643531366535353766383665326439333931663830303766323335653436323764616361613337343234643437623336636634323864363961383235353132366666303063326266633862396166663835333538663065656134643639373533356239303765363861350d0a313137313232666138666630616537326565646165663464623835643539356533376632633035396432333563366534663566633262363335386638623464653236383264626662356634623538616565306338313335616239643863613761653530663433663433346462346434326337353338636163313332633831383631393066306438666135376164383361353461626431623534376566666162666263663337313738626334643339653839373237393235666132333933663134343038326632336239383838333134653962643438656635383563316164626435643161643631366433396331336636363930623434633762633664643366323335383964306437396632386238623639663433623633323532343961333466346664363265326437313133623833306537616232656532396634616562323362366261396132353932336239623636343631393536313166303435373031356430663836333537333664373032636137366664636361376534323766383162666330643734653135643339346639366164663566330d0a363637356561353538353362643262363965343966653833656637353062636433373536393231393564316531336237326332336531373233623061646238656461656135386436343865653664393931383635353834376331313539626139356239626362636436643331396632653138633866363233396666316138626332356139316465646137636164393533663334353965633762386665623562353235343965323164333964656437643335363635353331313564353035353231366265656664643566653436636664386166376665376264626666646661613365633537626666336465646666656664353661363238633537613566353061336537663762666633336364666564356334663937666530333166663233326665633537626666303033646564666630306566643531663632626466663030396566366666303066376561623533313436323866613864316633666264666630303938666630306235373133653566663830633766633863626662313565666663663762376666303062663534376438616637666537626462666630306466616164346335310d0a3861336561333437636665663766653631666461623839663266663030633036336665343636306232626463666661666237666662663534353661323865363861376635306133653766376266663331376636623632376662626666383063376663386536656463313931393231353632613635373038636333613835656638616538366465636531623534326230633631343165346633393236623261643734666261356263383039623536383931316637333333333833646162376236643633383238356535336139323864396466346265663633376363616137326332396430383461653932643663663462646438636462343664613765323863353761323739303333366431623639663861383637626162376236323034643363373139336431353962393366383735613465343936616438643435623736343837656461333664326336623735373062626164623463643436653031653836336235363030666532373135363162346564363534303264613036613538323333633436613731663933353632663133343537646134360d0a616230643539666439363536646234366461363439333962376666386661623662626236663739656464643437653738633533653139363262383564643063613932306635343630366234386435383462653137373232353461373166383930366461333664336631343632616338313962366230656666303063326236643761653634666234356332633837626233366631666164366639313831396564353539656665643233366461643731316565666565613964633766346163616163323963643561363662346137353230656634636532656566633233613835623832643039346238353164393465316266323335383732633532343132313865353864613337316435353836306437613730626638643866633930356433666238383538306664366133623931306465633762326537346339653535666636613331393166616631356536643563303533376164333736336431613538656138626638393133636361386335373531613937383631333036356232386565613366666136373263376238376536333961653732370d0a623639616438386633653237386637363731626336333338616633326164313935323736393165393533616231613861663132346237643432663264313831623762393932336337363064633765353561623137383935613734663237353362373539653365636539663262326662643630363437616432663561633864306434626362343832343165373539636132343433646261316661313165623539616163633865313934393537356565333832323834373638646237323331303639363539336364376465313432623633653666343236386438303961656566656536663034376636383766333161333564613163386639383866343365623535623339316335313933656434396466336465396236653465656334393234616338356130373565303930376236323861323930636539623462643439323064326566656636656463336364373064623032386561373033316664366239656237396465643265613339653365316132373063336630613862323730303637386365343861306632343966376136613465660d0a373135393561633761376366373338643330646534333836316230343833336433316335356164613362353733646133636665376638333635353666396263613537386631656464626639643734383137306130376235376433643161386536393462626134376364643661366130646165636438636462343664613765323863353665363033333664316236396638613331343030643535653638613931343733343533343462316534373366383535656432333436626364366566393664326361336463653739363633633261306635323661626337306234643334373132363337626230353139663533633537623366383537633332336333393636653965373739623334633433346164386330633865383037623537393339396536306230393466646466383965633737653066306265646537373762323363656635626630313661336132653965366637636538616536323431393937636263383238336437396561326239323936343438353534623665323539383261323261393636373633643032383163390d0a336564356634343566353963376138353934643639333833653534616262356332396331323262636661346630383466653135663130356436623336353063333735363466313834343737353636396163303633653632623863653431656563303136316539386166326630373965343963316336623763356431396466353732643862396137306431316364363962653039626162623435396235613965346232386366323263366464383739623866663030613638666663336665656165346662386165616163333438643333346235303263333466623662373364646431333265376561653732633766336162316537383566323763646332303966393836346463316133396266646337316331666137303764616134616239643539353437373933623964313061353161366164313536313462313237323439336635613461323861383263353063343032333236623233353066306365386461396535613762303835363633666632646131316535633833666530346238333561643435316236613162396537396139663835660d0a35306432636566623539626564393665346630393239306232306636306663303237643962316635616361386534353934626138306539323436373663393163386135356430666131303761353761626232616261623233613836353631383230386338323262636266633762613465623736373363353731613538383234383437666161363261376365343164653364633465313937623830376137366165646133386439643364323761613338656236306531336436336133326234663639303563383566336430333835653430363363376532336264353537643437346662343365353436656163653366653539356261366533663932643739666465366137613834393233343737386432393731643532353234363366653033633061386533643532656531343262306339653532396561313332326161613636356166623931666263393836356461356137326662386566646235306265393466656533346666326437666266373332303566643036346434326536666135653236643532313834316665313831303033660d0a3962316165303634643436656134653161373633343263646465353939646266643934653366356165333965333262346637393164353063323531383664313362393336313632666364633565636233666630306437346238653366323036616235643563363835613734356238343330343864643935343036323766316165346461666366343438383066663738653661303762383935646232353830336563326239646339626464396430393235623137663530643532366434356230393032343531306538623161363366333364656233346336633339333831663838613436363636666263633466643464323338363863383063623833653836393063333138656530666432383237316436396430633532346432616334386262396463653032386137346361313366373661373830373932336239613030386237353264323630306165633363303165313864323763353361393464366261383661306630636361383561326236346639356136633065343836336336343761373561353236613261656337313866330d0a33623233393061326236626335336531643933633335616534646137623563323463386138323434393037353261376136343736333538623432363961626130363961373636313435313435333131643637383663656664303665653030373939326536333431666630303032633766383161656434386536623862663036323739616363626435353234333262376530623835666536376632616564663135663433383166653132363738333864643261623434373861333135323664613336643736646365333233633531386139333664316236386238306435316364313466343565363861363939326339653038613439326561313438393737633863656131313764346631383135656662303363616431613839363364386662343665303065343033656336626331656465363762356262383665363330306263346561656130666138653662643762346466313765393361383561633732333564343736663239653161313935623035346666356166393765323061353532366531323462343537336439636165370d0a3138613932366635336130613433343239646361303865663462356632653762303732626139363963373434333364653561356139626264326136366466376461363835646330376163623132666630303762623935316437613865376164366435306335306331313661373665633932653937326130376662346336643964623965386364666563663431393164336266616437363434353732373732643137383462353431323331353464306235323962363438386466373664366531626638383761343666643138373430633431656536626432633236323564663932343434613337323937313863383339303761363238613765613561373164306137303633316666303031326339356236616537666535643963396531376664633237613761316533613131346361663535336239383335363061613137336165363935363732373937373161383562613439396331356466393230666238316433663161643031643739313931356535646161343136373631373531353962336333316338303462363533613032310d0a35396332396466313438343737636337323664646464636135346361353636383639356366353061613961393539326466653966326462396662633436353066613330653935383961353738626234636665633562353337393761383665393533363461613861636534623239646239663934316562386366653335366437633564613231366333356433633765663234306561336633633535313565636536643564323338356434623434383363343136346461376366316532663130653664323431383063323465663139336664643665396563373037643662636661666663323937393034336636386234306437333036333935633632343432336138326265613066303731653935656166616334393639326561393234623633373331346431633830336536323730373639336437613734616162373437333765623736303631366638313637633734313361653337666630306466343061623764373735366234323963326134623932356434653661643532373465336364316538373861313035343930343130343735300d0a3436303861346166356264343734326433663534303765643336656136346564323237636163336631616534623530663032356463343462353834656233613736343933653536666366613161616162383061393064363361613236393633613963663439363863653436386139656565636565326332373330356434326431343833663835616130303332373032623864613662343637366137376438643564323664363035343933353162646666386636383065313534666630306362353765636235353664616432663735396434376362623638316537623939393839646161336136376434663631353263366232656136633264613133623631623538316464343761653036343966613933356430343530346665313866306164386561333664376363326566356334393233333638313332376339303730313831656130393230386663346434333736643862386336666162643863626632653364303632393462623234643762323032393165633339303862643062363764666237623534336531666630666466663030380d0a39623532666232353861326534306464323438633730623161666139666630616564626332356630636165623537393133353064376237613433323631393264353066636632306564396337646435663665626634616635386235663064646166383732316264643432316237383535653438653138363062373434633261393166326138333865626633333032366232396437346264643865653662316133663661356231636666303038376665313266383765316433666338626638336564346432386639616532353362356438666664333330306663623565363565323766303935656663336666303031373437323231393965636533373133646135636138323062373363323133666465303738336564636437643337366465313464326130623730393737366231646635633165363562386239356465656564646338636664643165383036303061663332663139666333386263643662356638616336653335636263366433653338396135623038303030343434623963333236343963623131393566393865346530666235323461350d0a30663761346634313339323962623435316531336163366135373161616561353364646464623837623839396637636163626433336438306636303338313534326262376631363738376263333965313239636438376461326532663735323163626336353830353862666465633737663661653261343261646334366262353437373363393335623436343961626133333963356335656133363861323861613230663435663035643963373065383766363831636339373065346231663463373030376639663561646339323731316464343536636162626534393332633430666530353166633437663165326232623433643437343664336665316335613131373531376636643139653532363137393330616231366566626366653965633037323764336264363235643738623632623238653431363131626366373532663332356434636262343133666563616661306563326264386131386461346139323462346236653739313562303935323535356237616463656462303361353162366231336332353135636265390d0a3866376437373233633933356462656663623166653131633066656235626662366264316137336537386139356164373338326134333932346533376264383866366431623661346462343632616565343538366161663334353438386263643134643132633731316663616237663461663036656162616235613264643434623163333133316332393934393035626463306337346137663834333465386635306631323430623238306431633461363532613762653361306663636437616538303331356633643961653639336333636664393533646661396561653062303731613931653739386362373863633536663163366363353861323835326337613963306562353235313435376339656537623631353064643561633137623662326462356363343932633132613134393131633634333239313832323935613433626636323265343831393339333830323965333338653436306661353234663530333961643162663736393737653136643463396238366235386631313334626366646136643162383532346637360d0a3566623864656530316566353931653463396137646634626136346563636564313265663836343666663936623131333830376561336565396663306637616237653333626635623062666433366632636531363962353262313264373132323237366234336334613162656238316234373532636133643064356666303031303562326561336133633361396438376566613662363566623464623935666639366231393139363566663030383132663466373032626464633335343732383236636361373133323465303063393230303163393237623537396665623531633361633661636661386334386132646363363930613132626239616531383133623538306663373033643761643666366262613832646561633361376462343939386137386334663362386566313166626162666630326566656330666164363535633435316262326163616432343530393861353866636338393062313839393933366162383033643332376137346364373561656537363631323862386331643762366462316332366162653235623064330d0a36343762363839346465646332396333326336666232313863666131363163623931656438316565366230396663356661383137323632623764336132303762306235353666643562323662373264336531636337653666666135366232393334363066303936353062333333306637326530326166653339616539326366633231613364616130303961373431623837663164633636373766633733383566633936613264323931326131383861656566613965373839653262396363646536346636356137636363306664653538386332633365386338343536646461663864326464656462636162393539363363346139326136653231623662303338336633303033323061623330653436376137356165636536643136326331333063353636373866623932353963323437666538333563666465653831613563656364316464363933316332663863366662333633306230663764613732383766323135353135333862626130613938306161643362616238636239663138363937316231346236376662343366613832313133660d0a6566613366643262316166336335363235303763636265663264376665373864393239633966363332316665393536326466633262613633623062336261323563623132326465653633316535626666303062393232663230333761316534313164306434353731663065646237363664623531313865633235386666613861656439636231333561336364313761373931653232613738376333636639323661636663636533366561653161656136333231353061303965313431323766353364346662643431623764333861653932656663313161623561616139356632363764636331313536333633623938396634303437663963353635626538663738393736366437366131393134366537323162653534356635323762306166336137313934323563623364636634363165666333396531616134363937383165343837666531326262356233623837313164626466616235393439323166653066333036643064663831633537626337383633633134373438383263323066623234313337383832326234363864613762393632350d0a3631386431383830323366656565653264643765613764616265366136633433323239386134336264306534333865333931643331356634356562376533356263383363333161303738623334623965303865353965643862646361346330313133326136643332343433336431383964633732333966393662303963366564316134323536346365653734623136656436333163623666303938623730323139356265663233303338363533656530383233663061346436306563643236653237633132643661383665393030666532363866653730336631326130353136366561373530626533303833663636623966326566363033386530383931373963376532613466653335373539353539346162306463613431303431656530663531356332643732346365643466396531373363663365316266386461663266663030633664376461306464366235666462313664373136383937623664373034383236333764616136343866383164303132373865646236626430376334306265356362613564653063653632620d0a623131313366656363386135376639656461663362663036376333646236663031663862366566353837626336626230653864313539356163313039326561616537663862646330653364336266313564346464656131653266643432356666303034356230623464336564633063383462613730663233376136373163323965666465626232373536326533613163393061373235326434653733353666383733613061346136653365633530396633316339363235373733623331653439363636633932366239616631303763336264323235643132663161633264353633626334383862633435343031393630333338653364373138616566653539623537313138623764353532643062303362393565646637376364663563663165626432613161653235353234396565373761383436353164386531336333646630656263333965313864303664373537663138633436663335306261306136326231633964613834386338356461333936366337356366303261306631643738373763336261626638363665373532643137340d0a6134643266353062303431326263353161366331323434376435376137346339306333643038616465643732366237626664373234383335303961363839613338363334623739343238323931653465373731663466393830313965396335326466653962326462653866613933646434656165353734633932313636353564616134373234373165646664366236663664323732346565363365633232613264316633643266636263653739663631666436616364386164626364376631616465636163393036373332333030353839316538336562353530316330316562386137616339323232393038653534373532366262643362336239633064356431646535633738643032663937366261356539616563636438343838343963376230633238653662616362353439643664363231373263316137646133636332613330333737376330616431663832376630656134343638666335646163343437636332336665323566306338333930306635393466663030323166396661353761643466653136643261653166373962350d0a3438653431323039313634383765353630376164363931636562643964343661366166653837313534636265333238616534643065366634336638376430333433316463656137323939333761303631303236353432653739653466356164636434626331666135646336393132646135613561343330346238636337323238653433373663396562386165383837346537396637613433356533353463376532326134663964633939643731633335323863373935323363313161323738363637383963363164303935363165383431653638616634383566383762366633303639366561663636333733323362336262323031623739333965303161326265396133396536316163623939626266613165343462326461643764326436333861643233353439623436643465336263383534333135316235393466663132396561326264346234626631323639646162386462366232623139623665653330623265313835373931313565376630313537623437643465356431663532386565653231396337636165610d0a37663839346635313466333363626133383938626139316638643765323138336335626134643432356630396563633066313535616536653936636532373965653139313230346535396339666261336436623132336631636538616638303634396433666465383866663030346165376663346465326638623532623337623162313864633434663866333235373138326333643030616639616133393736323261353435303731363866356161363261393436326535373437353637633435613338363861353564343630323234336237316262663263386564356135336464633136643639323564636433323235626336383564653432343630323865373339616631316461326134383231393266373533643332633034663232326364373638343935366662616139393736333865396431366264356164393063363131653638636636333932386536326561346434356337373239653831616465626665323166313565613761626463356262356235383564346361326431363638623662396333306330353237393261320d0a3330633562663837653666353335653839613136616633653862363732653937666439663363653936643239333661653138326137393264663330353263376261393235373138653830353436623666303437333439326337316531646661626231326365343762623165346434393465333464323439316566633730636239366432333963666630303834376535383236626239653164626665393133333461323230643966326434663434303438313930336237346161616631626334653535643461623065633662616432333135346635323131333432383864306234663363616465356331313437663764646366343033643364343965383036346436613964393164623039616137316237343437333834653031326337383164343933643261623862666232363230306263623732343963306664653065623563633738383763353936336131646362646161633530366231616134363731323333393366363562363666656561616666303031393164633966663030656235373363626631333763346131636565376231360d0a383866663030636231333636396233663261393735313163623363633663656431356131656131353565663264313665613263373031633764643335636637383733633539366461653461326461326236346232643437313935623534366664636463666138386633663731666630306439653836626136386135343961323539323333393536313931353531393563656363336532323335393639623963613565343063353737303466646663306331653366663739373963376634666336623661303931326532303865373866656534386131643765383639626162343362323534396437663862383366356161376137333466363961376338663235616361643636393730363238653638663063303634386332623065613339363032626237303935353432346434626139653236376638356537386336623431366162343636343738626663343239613563323936373663373735663339353735323361633338333930646635633865326238613964663536623862373930616333326337303438653763633234363063386464340d0a393633643466356661353761393464613335623439336234623138663231653436326432633931383162646664623731653430666135343533363966366236343365343864363362353963303865653162313964386466633132313364373832373037643962646162336337353061623234656166363363646362616235313533386431396236393364646639396535353065383961386366366432356361646231356237386339306632626230353530343736653662643533343864326563623565663830373064613661333762313539333433376632376439323639303136303634646463323830333234653737333063303037643662386562656431613437643537656331373937393235616462333464623564353436343037653830396564656439666135376239666332666431616365643363313365353739343933356335383564646334353163623232653539303136303465336430393034373461663261366434613932613931666539396561353561353261313838373461356632663432646539336139350d0a653364383639646137643961326261363966363730323465643361313539323465333665353537336337646432373237643437313564323533313232386533363263383861613562613930333139613764373962333937333362623362323331653535363434393063646534393636646130623131383034663661363132353839326337323464323531346166613538313435323737323836616431303762323266386535303832306436306437343361613338346230373034663263343031356366353462333538396362663839366632636565383335393437366366373137363864653538373434636564363233656538336434396534373033333463663165656133666438626530356238383637373032656137383936643534313363623331303033316663303636396461633763346566306437383736363964326432633633396635373866333163393263333130306335626131636239653966353139616633646432363666663030383561336533626236623364373735323664336530393433323562323432390d0a6238303665626230363466303466336633316365343861656138353264613466363437333534616339323639366537303731343266333461393134333162633932623963326132323936363633653830306562356564666630646665306134663263643065623165326338336362383934383738373465366662636537623139336430376662336437643662643437633337653030663064663833653130373461623235666235663030646434633737636163376561376130663631386165626231353964366336356664643831633661323232616161383031343030303063303033613031346238613238616530323832386132393039613030353032386165336263343765323864346634386435336563623135626330323232383139316466323462386665396364313565396431636166313335363061373134616366636365353965333239343234653332376139653765636263666530323933313532623266336638306134646235663663376366313165323863353439623638646234303538386631353637343662383836640d0a376334373666333465666234323561636536333530303932656534326138353530333932646339653035343562366230333532663132636261343662353138643339323336626538613139313763663631396662333137303036653566663666313931656439616535633634616434353964353832626161633961336432613462626662333035366263623562626232343665303439373330393434666335626130666337313531656131313764613435616461396265666231343337313238353932653037353061303133623431663536633632626333366462633637653262643162353062386262623764376565323563376661663865653163636231333933666330353562323066653935643764383763343564326165326337366562626132646335383234656134336236396135363438323430376139363831663835666630303830643738616137646366613766616433373136613437363736623766313539366136366363356331376236353437326432336236343236633030656565343963306331633131396336340d0a306539643262396266316466386231663430643238663931323934643733353338623663323833656635386439396665323365393234393866613831663461633562396631636638343734353830623638373637373961383563616533636234626138383433366538343732306232383235396330336338356365333335653666376437623764616465616233356535646339323564356635646362623939386632356438663430336639303135333239373433323935353665326130383933346664333965653664333530626236383564656465643264636262333065386165343835356366653236613837343163643761613966306464666439376333653937343564333663616532666630303530643461353532646534613637363232623030376630326639303039656333336461623066346166383566613965613537356636366238626138656466373665343865343438646134386534373532343361326266306135383630653730346637663433353961393639373634623836616132623733386439363162386433366564300d0a366632393332303439393164346530386338306330386637653435376139646266383865343933633335323662343930326339323363323636393233636564316536613930623265336430316361626666633038643734393735663065623433346264386566373533343639633437313261383065666236323061613030633963373565396463643531663039373830326532663334376434396166653666623036393333356463656636663134353138333262633463333639653066306161343035323338323465303161393835373461656365383863323534363461346261393937613836616564326466653966363861383966363762636235333730616466633431383733386366643261346433376365623837396531373933666431363039393635353863326533333231343033326337626530373431656137333564373166383637613165613136393632366437353864343030623438636135623462316261316332393138653765353139653262386266313437383061663363336332336262393665386465356263630d0a64653562336133336130636636306333336331323037303733386366316539356235326336643338636165643563646231313465373862613765633533623336643162383134396538323931653131323436633865396239313831353630343735303662396666306335396539373136626236643036613730626366363737306532316333346565613232363366373538366432303735633033663561663537316530356630656139336232633635343364303835626139343766656364356439666462353439616436326366313662653431356538346639356339316536343763333333366164363732356435636534646164396339663634393234353666396136653031353237643330303830346637323262356263303365323738626331666165356536393561383334386461356464393132333465343936313665653030356362313366633234363031663463306165666131663039653933366231356334353661393733303235633633636531316463626665663038313830346534396537316465623963643466653134360d0a393537393162373931613835653233386535313637303932613866366538306533336366356365373961663062396132656234613461353638626538376233323963653534323330396162633937353364303634343061343134363064316230646338636137323138376231616133376364613832396237333631313431323033333031333839356361653233656535376463353739333638646161366235653131643461366433376662343138356163333236643936643665343139323234636632316434666465353533646630373865373833386165633263376532323433326464666438366637343962623861656334396535313562363635396434623736633130343165343732333865366161613631613731373738616261366165363730616139616234623733623461326239616235663165363831376431626264616464336339653539646165616431623231353365383732326162636465323731376632386237623635373230663564383331383165653464373262346436653734613537643862660d0a6161356438623839383437313963613237373164636437323361636562306432333439613665393933376661346664643965653137393136653362653066343266653833623735333562373639613734626166366231323639656233636230643935626330323462613638346564373732633730393138366665316338306334393163653331643333356433356266383362343562316431376563313035396161616237343766653330633762653662356135353238643339613735353563653563346434396632623835326466623966333535663738313163356534623034313736376366376363393031396261346362646336376233306566656239636437326632343561383638316139613839613239366436656530373539303262303261373833393034376237623861666164666630306531303264326663386236323462333564343133323465393362373338326137393162376136303863383366356138336532306638303663376337336132333432636139313661353032393336373732303732383766626164650d0a61613762386564643662623261653361383461363935333464323363666135346561323566626336366466383732646533383334306231326163616563663061633836343163656532633333643766316164376163316630373639656661353738353663326336353730643263313132613462383933373835373030303630306661363733356264356533643437373962363734613536353630636431353561353732643265633030623230313936646137396366366139303465613338363035336430623737616365653362313264333538383033323438303037373335313766616637636666303063623331643366646133666531353837653239643265666235306232386130643364313466636662613463626564333863373166383536623461306161346434356262323764343939623731386236393563653062353862623932666235386239393634396663663061653535313830633064613066313831653934353562626466306265613761373436393234623132626162663166626136636564336538363861666238610d0a31383963333436396336333139616232336537366164316164323962366436653634393565376630313432613136323032383234396538303063396166343362346630383561333638633930356434356236656463303637393534653461396634316564353733346466306264383639393738326536316633316134353564613337396365306637333565376366336361323933653534646265396536373534373265396262356439653632663133633665353234343634363164353538363038613464623564653738663666656365636234386439326461636433646434613437393232313830626237303436343933643037653236626364633566646462316639373436626332306637326631383366393665616564633065336265623334663964616231383632333064656361353634656534393764336235613539346233323231373931343631313430636535386630303765363662636336663665653438356565356533383636393962323437396561383461393230393139323764636534666533356539343735360d0a35386266653365366365663664633737363638373730316638613933343435616436393263626235333530623535316664643265313731663831633535643761373161646137333538616131333935316437393665373930646235613334646133636637643730306264613433323834316237616639386438333933656438613836663335323337323539353533363262363134306366343531646266336166353235626466303864613263643637616163333666373536343139613530623037323539356339633863386530336162316463613466363234353466613065393365303864366663333937316139353865393439333563643934616266366262373737323038353037383764623965353538373163373732376432626335613931373465353636376237306234653239646366323664336634616239643534663935363330343937353732636438353836323139323037373636663431646239616634616630366663326364363664616639373530643461323865313735316662383464646238613331653337396337310d0a39303332343762653262376166333566643166653165663839613662333662326632366365656565323362656433613762373838303437623639353535363434366636353233373065626338663761663535633832303130373230663230386565326230613932366234333761326133626635343535643261313837346664376564323038633663386135623136623738666561386331623166393132376630333566336565613566313033633433653164643336356630363334353061616539376138333332646331306332356332633835623665343165663933636635633163353764303361386333333363303933646138303665656439633466303032373162393837353566613330323537663161663364663861376630653264376334393737306638386234656434326362346562656238386437656431366637663238383834396337306439656363303730376437313535346464643538386161396633356365383734386265623566313062363835316639366233356237393064373665613038326130306330386333303163360d0a333339663937396662613333396164396237396436366432326661663237363131636465366364663639393430646239333139326131383831633764633535616534666331313164626539336134616163353734623739323639346362313563636231383363633263393832636133613934353730376632333537663563623939326365653464613561333562636236356161646334366432333439323130393166303062396463303166393539353430663665623563643531356535636136643036666532376261326366383637633363373437373664346565616636353837656435623965336230646666626238353562393030653761623733643036303063663761383765323435653432396530626239306232613132363438663830343163663339666536303534356532346631356336323262323738653130643335633032653232393166363835316663346334663363306530306635636437396166386237633536646139646234356137323334346334336566393863333964383731643134313364376463663461636432370d0a323935656461316431303536623362656135303762633536383065303931326534366430336662643965336635633537643062366437643063643132366539353434393831623831333865366265373364306564363664343735303439383130326465646438313636316464383163653331663530336630616634613464373665343230663332646435636666303037623931396138393437393734336266313935393537396136626131653863663737366631666466393930376533353232343839323238363864383332396565306437396137666332343133376663666263376639396162313066386166656337316263623232393839353537326363316665356663373335303933333931633061316533633538393363356236663234363036653936303734393331666563393034313366393961653730343565366563623638363234333261363763613630666234393531663331383765626663346137386331633861616661613662626537646535633661353730373132623265643861333364363334663731656134663338660d0a613535376431306664613263323439333765323439363533323635356232353066313833663565303161666137633336316466643561333464666335626166326632336339616233346561333662363362336433616562346664373664643132656565653262356434353437636165643835356261356665663733633037316663343366316165383264366336326231383832343662663762393266643737376533356537373666373137393135653062643530393133663964623935393537653438653730333263623866656562386639623165383438616634636231396234656434663435346434656338306232393539623634643665383332396536306662636135336137643138363065303833636437386638636333613866656632336233666331663633623238353636666464363731336139353937383937343662646266643737346664343965333332343835653438653037326134343633383565306630643830303730343534356531646638613361613639376161383361646464356436613336306338303461333062620d0a64373237653539313361373465383435373437616534623732626136646431323232386164643431646365643937323537646330633633663361663232333133613466366330653332313061623866366532623663316433386532323132383534353766333332633463353432343961656137643433613137383966343766313135623936643265663536363734316633633463306163613966353533636665336432623931663130373839656533353137666233633032346235386133363231383036663939386634653731356533353635376632643836613536663263333334623033633065386362326332343037343532373034323933643338636662353761333639383133656432356235323961366238623330373366366162363862373338653766653561633633393166656632653437643261613965313730663833616365353537356433343338366263326235353835613937636365663363313931646331643263663962303263373036343938653435363231613433396534396165393763613364336365376337650d0a31353537343862616433326632633936346432613638323562373033363866323562323137643838656337656263643637336638623663303661366236366131643831376438643337303135346666353135653434653133633435353934653130663362373633363464353238613532363666326132613265313534303134656533643262336437356364333161653864623062643837636330333366376238666366613534333735653235643261643265313231393265343331366561643166636361626635323262323864306139323736353136353361393135616236366235313861613936336139646136613232343336393330393136333664616334306566353732613235313731373636616335323639656138363363343932306333383034376264313461646266323336393138663433343534643937363164643865613461613530366164363337333037396431356332333265373138636530653764333036616237383962353731613037383566353364353838633962346236373935343165656330370d0a303366336335356238343934623935616434393464333537343738393763346366383866323237386232663334666231343839343539333739303636303337333333303139336437383138323438656664326263646565376335396161646433383332646363636339396535376363326266636230326164653937653061643762356438383661373732313263656461653563623062616263323534636563633732376362343030626338373366646430363933353964303334636430393634383236626339613662633533386462383062383365656130396331663632643966353032626463383534373038616137313762313862613731366639396164343865336434616461363432343262366566653230656438633765323466333534366662353038653466393232383930336636393130653766306539353935623436373832346664366134653030646130666662636466643035353564623161343931323437313563356534626231303334386466356530376437643262366634316436366562633133616534316138630d0a306631636365336534396530646466326339313166626338633364666630303433386163353862353139653338306335306230386533653966323865376562396635616266653135643234366262653236623362313936313936363861343632643232343665313162363830343933623866303037316339656332386463613437623866383933633231363965333966303363333165396433323234373666313862636432326632363630313763623766626430333965643833633762373165383662613166306434643731613737383362346138623535363537626438653334623737313033383937373337343033323338323730333237653836623233633333366261353439613466666332333137393134366236346632666461373465383434616331323531666334613332373263333737636333373633373634393033613537363131653964366236663032646232356232323434386531393530326533366230333930343761363262316139373465636365396137316235666239363537303438633963303364663135650d0a3566653236626666303565396237663766366661613438393762613837326232646363393731666264353234373638636166636130363738303332333138616634303934356563393739306133623437316462616339626637343435386233383164313466313835316562633963653362353730356631353763333336316139626439366132643031333738613865396632633962303463303135633262316337316434663335333465643762313532346637343730373639663132393263373538313735306439346161306138386465373865343032346332663061343634363038656239353663383233316430386364366164386562643366386161663064386638376234396232376238393538326339333462303138343436316262666465323033373565396538366263666564333430643433353764366461633230623231366232616666303061633132313261393032666162313366653464376261373831663432386263336436353166643930393238613439353931393436653939393830306432313164383633383531640d0a383637643464366665633934396464393334653335363464396331373839666333646139363930393237663662323539636364313835636163373333343834376136343931393338316339313930303765323261626538376531336662363261356434393631316463343932613936623562353930393535393030666630303936393231656132333037383030373263376137313564356466626335616136623937373737376431613466316337313139346133616534313237323761376433363066633262623664316263323336316137353863346330356334333761636131613539363062383635316262623030626361653137333830333135626434616265636139663232346235663233393631336636623565353064366431646366306464376234616435373463643535383662353636643666373732386338323134326133386666303036333666313831653833613737616634356638353565306664326166623435623964356635633864356432656134663261636432343939393730386263313731383233616236340d0a3764313662623664343334313161623561396433623533393036613161373462393063323735306232633264386531653336353033396663303764376235373965636232623639316531663961646434326664613263643864393230353138303634306462313438316566633335363734653866643635333832393538353565373261333662326264636361663133316236346631386465353965383036363462346234363535343863646333333234616362633439633932346533323430666330643632646665613533646434653231386330396537353363323435636337313166356666363962646366303262343636383765636231343663393130393434346262303966653232336239663763643435303435336463386362303130343037663836333162373735376139346230313465396632653937393230373561366435616661313461646234303133326263393739333666393065373835333930613764636637333562626138646335633566323430623264393539363231323365366236316534623935303437310d0a396661303233616637613636653865313835383437623731313833663238336432616334663661326432656263616238643733346238643061303635393139356230343932303664666264396566643638633534373062303731663662613365393662666538323837336262663239353265323562323539363732393234386231636338313532646565306665663932353163613361393166326238303732303965623833353733633366616561356162613565373236643665353432346161336638316661323966636665353365633437613536356561316636316662373562633533656137363732633762353838393264303363383563396666303039363762343865613738653638393532663264613437376435616361656564616465666433373434363738383864633430633135313930333234306337336437626437306331343261346535343666373863393665666239616633333864613564353164313738396235626633333463383664303130316534353132646330316439343166393537663132336632313565376437340d0a6564653663346162636338656333663263653464346637353765323439626339343737393032666364323461666434663663396637656330353339366439613131653734653331373132386639353066353864336663346437356531623065613864336534386566643539333561613361393265363333653239386366613962323135653061383532336538663861663663623864326130393637663336333637383234316465326532626339666332376133336561396532343534303062326234666536626662343638646433663136653262646236366234623838386536343839383033636534373232626337636361353739613437363630643561326439636464643437373961363563306263386165323434393438646266366338303035393037623338653865336439623366383537336466646266333639666138613562366165366438343133363763616262383732303133666564613966626137663431356465623238373532616330333262306331303762643739396638653264393263656661646130303431316235610d0a343139656361373030376562666361623063323632613734323737383961643663313532633466626232646662396437323332346138316431393164306632313934383230666533346564626564356333373832616561663131616565636564393536373534666465386235666261633436373063353066346366346639346635663561656465646165323162623830346430333665346339303732333035343865613038656130386634333566353138366335343262326433376563376361653266303933633334646137623737336263663034643963343961373439373630316633363437323834653762306636616561343537396136393361663564653930616631633261386631623163393437656337646162356437633666333663366466363439626338653038373338636662643763656533373264633535346166323961353734643964643433313534363334643435626231643464663661623637613665633337353330346466663030373436303932363861663335623962646239643432653463643733323937376337310d0a6538303761303134353735643263386133633862396535616639313834663331366135656561643062356133356335626439366166306463356361393331613065613036373037316331616564333561323666663030343039313264333466383735346662343664353438363536316535316339313836376366663038656137316366313565376563626366653032393937336636623962346362396232623762653965643136373564616366306237323364633765313564313866636235653232366161633165613436313731376563643732343936383731666533386631613864336536623862346433366630646364653930363262396435313765353637633735386130303366643534343361313262633966353364366263393635393565363732656537323766343135646537386237633061626136653961373530623662633961373238633931383831613331633832373030326533646562386664343263313734623931366461373231616630373332323833393538386666373466613931646664663861653437383739350d0a31643139653834326163366132626334613666313938633064633436343863656463663230376264343463356236393530336465396334393234393237323466356139323338323439343136353563323238636233396662616132613464303830363336616138666336626231663062653862333235393433653230353966366131623839326434323239666532306130393537666630303635393439313865653031616330643262343262666436323732326361313637356365306361666630303261326664346666303034616634646630636539326465313662373965303932353564343536663830353965633164346639373336336136643033653630633362333865393561643136613333353239326261333961616532613935333661326465616364643539613764366234316434656632643632343337643263646232653632633665366237623730303135643861336138653362376137623534336134346265323338326332303638666334313764383261303835393432636330306666303038313032376635616464660d0a303565383561333564356536623337383664366539376339363438323338366561343165363430303064636438373433636535623233333966653161613361623639316139356134373264636333613962346436623138373930616463343661656561623863656430373030393165663930376562353735333931633966326164336363663637306432626337646538646337653966616637383861376437656433346362396435393136326239646361323538616364333730336234393037396533623131353365616265313862646265626466663464643562353762616438633763393930633261323238633931386662616130303233313930373364376436623866623064366635326431663561643365653665616465336261393264633338643962623639323736363066336366613865376663366262313862653236343263613536653734643961303633643234353730656133656264326230613938366162663164333862623065616434613730616236643865356566376332356165363839363437353833370d0a333666316335393031653132653737393139323134363039653466346639343166356138366333633536653863313637303531386634373063363363666434333632623762353166313335393661356161333462373332623739316137646236666236353735323034393362306336656661386538326238663439613136386534363961653532313038303164616538356439663930306631633031643733633931663461656663323631643465393733643639356262363836313263376365396339633632616538386136643762656335376232366637363936333938343434623239646466373730313837666533613662643636633363363136646161376663376135646462636163376638343633336639353738626561303734663933306631346535316336373263326438306533663036333561626530656236623366663030383461323462333936333462383537623633663333323730316434613933623762383033323437616436333861633164663637623739316366343731313161373339346239376532373733643661660d0a333563376231383161653265616531323138393761393635666430376139663631356537336164646434393764616537393866306639303265323536626333303166626362383435343536363164386231633963373661623737643038643365653136656564326462636539393633623935383931383937633332623863313030393363383139653965393861653565356435643230353332343038663762323438373734393339323365373365613766633362353565303330616139626636393236346532333131656465346133313864393233353961343530616334316463343766306166323439663466616437376261353763333938366536636338643433353262623862353135633139363362376438353232633863383431393037373131646365373933356533333335666134643366646136643337343137373930633633366530336230653431316566633537623666633339643661653363343161396561396139623936663265373865313636356564316265643362393765623963396663616237633636320d0a3237613732336430383863376239633437386166633139373961363436663764363337323937643134373966333061323134393633303362623237373165613537663261633766303865396637376166646334623035616462646134353163303965363563356463643834386131303761313636633733396563326264626235626630636364373263663764613434666636376263636565373839663938363733666564306665313366656430666334316166323762326366396566613335663562666630303637326335373236353965643138363030396438653462333865653361303466653163373233393237316361623137353132663332623935316433653837613135643638333738626161356464633234643034653962366465653734633039336161383037393339363139313965383736386365303536396562353664666630393737383465366234626637666466646263653632333238316637356231626133393037613163316534376434353637646130393734316633613139316362653866373037333265646562366366640d0a6135303362306665663633623733646139663135653466613461656261393734633162333163373238336664653262393030666532306164373363613732393462393965653334616337393535623639656261343334383266303033373930633835376361656238373166633437643738633131656336613237373639323432656537326334653439616431663135356532636465323862653737633239343039313166663030363861613863393165626365343765313538636433366662353739323265373230383463663733643037656235656264326139376136386364653863656533633131363937396134653935316561353631373832336239626331626534353936313132343635373237366165333832336266323038656235646434336533386235623538353465626430333639656439306136653233303634623736323762653437636339396634363166386436316438646138623264336564616435376134333132613765343261363738393634343634393131356431383631393538363431316565320d0a6232616439376432616162353536376463653061373866616234653762646431336562376532666630646335313139326336653765646237346333326231356237343666613933633066663030336335373934656166376237356138656133326464646539356633353830633261666464343531643030663666653735643836613565313064336565306664613264313962346639393732353961303166326238663735653966393632386230663038633736376134303961376230386565663531366231666564316633636463333261633461333034306439623465356239633732346537396166313331313832393631653561626431396634663830636366306632383336613266393861626530306431613634646661393438626535633463373131653437636366643766346537666365326261316436363138616361653933353238393935323539356432323965323166663264643439306131623166646530343865376433383364616164396435366436663265326436646437353862333936363331383064313639643663633962390d0a62363832303237356338656130383138333539353763393731326562623663393363366231623439323764613363393735633439313437313832313737376136653636636533643765393531383535333538383866326265613631386239633237343234653438643164623436646137653238646235663563376338353834386437396132396631613963643134643061633364383733663830613463353438633339666330353236326132653535383636643164633066636162393664353765316665386461613331373165373562343938323137636136663934313363393338336434393363396165623331353466353264343632643336303063656164323463653736633530323764653931626430376130663533646161326132383335656665633563323732383362633564386631623666303635656438356564643766366161336135393561383034633931373562383237656561343765653766346536626135623266303961356532343064376630663931366339383631363861373035396262366566343033610d0a30316437613932373236626134386530396137623931373937656362326464373434353566623930386634343166636366353335363664366435623536393539343333326439323163343932323963313934386561616137643364346665303362643739326434353362343736313466313935623131336636373437653663386163616439653730326462346538653338616465336639356136646266626234663530613366383962663431646562346564326439363330633334656336356238393266613531623939626664646635666431343762643561376233663331613362376461623164386336613331313237316263666131663435316539646561653633303330303734656434323437366430633334323861643335376463653765316238626664306166616561653664383439323562646362393862373439663331393061383162636166323031333965306166313930333233626432656139653266623039623463393664653439323238363437633037353739333639646239663962653536303066366165613334320d0a626162326238623762636431656538633332373936656433303865346331306631623164633465336265313839303766306166336664373264373461643666353335643362343462363333626163396261363934336239383631356366346339333832376461623066366236393732643866363638346161353338663332393265356633323963663737303565646264643661303135313438363534386336663162383831393265646365333033383531396163393361396334333233373031663431396666336639353665373839626331383862303162616231626134353931383631653139633133653733666161393163613932373963363331663461653235326465353835646564656535323438616531373033633964613366663432636634663730306437623138366335333834353533346365336164323735323665366637333431656632643063366531333365376639396262376666636233633664633031383033323065373363666531353466376265663539323435326538343135336233303431353363313033316564350d0a6436663831666332663637616365616265346464363561323434646565353331643437363139666332626131643562653162353965616131326566343464643161393632623234373331643863613431633163653431633866633333653834386532623961616533323334653665396362653635633638346137316536343739386263376636363732323436343639313438306131353833306366363237316663626165366261316630396539663762366261396462656233333434663164386332636362333438633039633036353233373166363037313966346566386165613962653138633336373665616366373532343533363732323438343036303364386565303732336539386164373833346566623334346132656563613064363136333166326335336366323436613731646236306361376539386165336162393837333762623137663336373434333035326535626235663731386230646439626339623462366433616465376434613435393237373931326339333739343066396331363233383164626139610d0a326537633033616135656561343266646263336666303036336237363536333263373264666337313739386663363162306134653362653739313565626236313733363733363839303563353866393536623662326334316533306138313535333233666262643332306631386636616536373531316131356334633633626564356635316264393537393635386537333161386661656330303061376564653563626361623633393135323861393733373533386362326630346439646465613462613562663837663466313234393162343866333335643334616230323063306465633433653439633965303737336564356431646265626465316464303363333666613237383565663561643165326366393737393264386339336336636439663939633931663763396537396539663531356361663864333566643166343962353131653862303962363333333263353739366532353235616561316365373163653438323039663630343132326164663835663564643133353262363638613062383862656430626362633732380d0a64616330376430666137623536346565663733353237623238663532643532663034613363343533646534653066313364623566316463626666303036636265353262663464623536333536643162353162653936326238626462386662346465356232393538366534613739313730613366626135633064616562666563626139316565326161366233616537383532636434666462613562353961353565393163326265363439396636646264336633313538666666303030623162356366336465633334363861363865323566393034353738646537333963386538383330346139653738653466643261613334653532643930316236396166346636353136393531366139303430633666653035373439363036663937323437646436353364336433323039313961613761613661313030643131633932343435303563386236343737653337343462383930383366656565306166653032623362336139366265356564376338383263613438323135383161373064653634373639303262366532393963363063383730330d0a373733633632623161646663346533346639643436613361353435616135626332633636623736393163613739366135626566303531633665336262323439333965363838633235326439303138373063636461663539356362636232343733356335613937623934383937393639393564623263393965666234396365336463643534666236373965336339393633643838666332626133363736396564663461663436366437376332353766336164656234313336393161396336376637353731323030643161396539633930306631643865346632303961653536653734616431363064376564653162396434633562646263653062636331346565643864643730616533386461646438663531656435623531393461396366393161623236323933346533373362656630666466623661396131356135646339666562353937366339386665666139633166643435363936326230653166313136383136353666316462646163386665346336623834343836646534323030666361613431653263643166336633346233613066350d0a37623639303066653535656261393234623536373839326137323664623531643064373261303832303830343165303833646561616330333535643332363865346233623938656565313462373662356662333564663166626132343130303361386365353730333139303738613562326435663464643435623635396466343133336666373135666536666338663335373731353964356135346562326234393563373465616434613265663164306365636562313731613634356137646330643361333861326532333935313139613534356564636630306230316336656636613936643734666236623235366632323363333336333763386363353964663164643938663236616536323863353261333837613534373538323164356334353461616164333633333134363239663861333135626463633263323230653638613932333163396132396463346430653631636665303366393532363261353631636665303366393532366463643435636432633531643436666132643336643063663238326534393039316336620d0a663761343733643134353630343531346166373066373937386361663737323064613736666464386437623232666237613965653639663263666630306461376138626465313339383231326431356138656438653863666630303532343630376230663761373439323234333133636232333664343435326363376430306166336562353565373736356231633138616163646266363531663939356165363738306463633536333235643437366665373032643234386365313736633633616533646366343166383965643564346461396236666232633632643063343664643030353466323838326130306563333135343334306230333135383962626239386337646161663066393865313836346132666630613765303366353236396637376133363234333737613562323539646630663431383861366666363634353163316661663531346436316535636263633761373834353061313165343662356561636432636533616436346466366131623833323436646236333033653637636635316665313530376636633764626564380d0a6336323236383235343633316463633463373236333731643537336463373730376238323239646135363938666164656136326466316665386230393064373064656137613834666561376630316465623964623364313335336333336130343337663039626664343664363339313234653632386535356365643565646639663533663531653935623161633564356165393736343630386133386530383935373263323234303330336230303037373335623063363362346236323430633234366264326238643932343664343735333739613465363238316638663436393764376665303233386661653764323932356164633737376231356130623239326561376662363566326531663138386531656431616661376437643661373562376431656562356562333564353132643834353663313963333465623835326535373062313836653939333932643863663435616237643464353964336234316237626464326131626632636631356463663333356361343830393230306662613939353363313162353431660d0a35653761643435353937326334643239343563613561316266363930356163313665313663613138323338376230383134303533663935343861386138303835303030323732373165623565353532653939616366383737353738616465356262303936663262366435626137323736383165613438633166636365376434363339613961346631356561666137356534623662373066326231386438613964623731643764303832636164666365613639653566353262366234616363656237383935316432356131653964326334323738356133363166323931643764326238356435376334376137653933316361363439393635373863656432623162306330336565646430376561376461623964626466313365613137383336393366323965643363383636666630306337373834666663373464373131613837646133353164353565326633316134393733383536363363343633643730333830336438363262366665633661623665366162613032633762386162343066343962353562633464333637626464370d0a3665633539363938323436623835623538643939346161623630653138663565346534656431633932376237346165353735366631333564366132376563666137633664363136323065313132336532343766373234376464666130653764656135643533353762636437313232666235343636333865646533303034376461343937313836393365396664646634653662336564326466636235306563336537336661353735363162303536623461363733346136646232386136396163663762313265643264623465373661323936363737336430303164343965623564643539666332396436623537313163663737316461653964313930333062373339373933316565616264336631333563636132393832663365643931346233633733383564613161323935393461386636633131386165386663326465326566313134336532326232623234626162626261383235363635333666373266626637396438633430306364633833393033626436623838386434383435663235393231323334366566653134363862610d0a333838656666353466313233633262303063656438653034343566616663633466663931353465636234376432656461363965653334356232643432656364633634633937376138346265356334353764383030613438666430643737333366383636323062666461646165623062646434303766616234363339386533373366646435653963376166356532626362336334666532343933356262383664336163356439366331353861626230336364633930376666303034303166616664326263643866623461636639366535366334373766653232376434363636643166346537306436653830306238396133346439316232653739343863306538626561376264363636616236653235623839333866393561636535636665313863353534643031623361396464316338303862313634396564636237316661303135616237373766366536323932323566396439393061363534373463643761643432393436333461633433376139636464396565623964336438333331663261323138393235633736656330376162316533300d0a326261316432623465356233386263643738643536373765343865626535386665653866376635336463643431613635616665656564653135383832353964623864636133626338666561376639666437313562313561643161373662333634623632653466616431393334393531613463393233623261313264623761623065383066613637643662613334313039336462343337313866333633353632333935366538636137643431316338616463643037356239313637386634626434363432656564633562356362376663623565336565333766623766636665623538353733373331646134343634393065303736316562353935666461663662376338363139643165336339636162323965353438653433306634323066333538643465356639393133613461613436636366353863353138616338663063366165666162653965656233623262356435623338386534373565393237313935376337366338656465613064366465646163643362396536636132653265636338663134363261346462343664613737320d0a366332343633653633663461326134386337323638613265313631636333396663303766326163656437366535616362343162656238386365323434383562363166663638663033663533356161633339666330376632616335663135613133653137626636316663306161653765386165613466663030326163613666646436363839366136336333306164626331316332396637363335306133663031353163623666663030646131376436376136663534393966636339626665623932363039316638396461336631616230346534393335363363336231663964616336613537323739663235323362363433663566396462663961666535356331346533636432343866323330393065376164636366613661373433386133313466646234643935653338363237393635363062316132393636363364383031393236626430626438663561633732356139356263613763363264366636343831616536666164353038346564623935386165663365633137616664326264313734386432613164316634663462353834656532333939323433640d0a3564386635323765613662336663333761363261383764366565363230326665666133356336376163333066353434316639653466623966366164666166333261333465346461336431383262343532363632663839366634646136396334323732653739306265613761323866636338616336623638303562356234373038333932613365363365616464343966633465366164366264626165373532383534306363373163616135666462363832376666303034326335353739323438393030353936653233383737663031396534303966393133343234333333663538643432346237623739616465636533333335656639326565313437343864343033663333316563326262636235383536646563366432303566626231356263363833663034303262396339326462346162346630646561333036396637353664333466326332633234373865363539316463393164346633393366386437343536373266396661373539636466663364326465323766636430316165356334626431316437383564643835646461343137643662320d0a35623563633632343836343138363533666363316563376465626339666335396130646336383137326233313931653762333766393531636165346138303361373164633065646539633865653037616635363665626236623064646539386631636561306337393034396365333666623833643838656239613963333632613738363966336330656139643138643566373539653135326562313638393139363437333233363365353535316434663661393263366434646263346364323630636632396464323166376634316563323862383837656437616333646361623833363838646662623061383131363536316330373061336130333863666434643561616661393864373964373861393439353866333534333931643832616164633263633837636338396462316464376165326137363936333433383637353037643039613666646136316666303039653862343362336561333239633361613032666535636263333065666430643566306362323230326163373164343135333832306661383364386436366465350d0a61646235643239363865353435393037616634616164363932646364616339623138366535663633396163623964613763623264353063663434643562633762336464663832383538346632666663346439356263396633336263393139313866333765613036343166376331656635633162313562336433653439303630336232656338633761303363363766636661353462336466343663333661613265343863363562616436316561333732643363666636333864356534373033653764396462336566663466653735636463393061333737316561313762386261376363313264323639623234393965343032333431643461383138316665376461623532646164383239313336613332653331633862373433666661313131666361623336313166363663333464333437306236333638303339363531653861336130666436616363346665363766633762363966336464316665666338383438666437303366346137346634346165306364373564356334386465356462343035663163303062636533663261343361396463343532330d0a3162613861336237383537316339366463656665633030653966386436373563636261626335313266393861393030323432613437626632636337643032616435646233623335643365316662373661623238363939373930626435363366613761623762666535356261396361346563326232326534363937313764383739633334313665376134323065313962666465336438376230666336616462333437366630363438306231613065303031386337623536363562646335643661353735626232643064623237336230373536666637386666346134643532376633316663383037653535666264663561643134616361653262313962373532626561313730353938393131303338666166623061343039316332613438353030303164366134303330303031633031353561663566313138343166633437396165363935393565346362356438653837633037616137643966633434323139306532336265343331376432343566393937663331623835376139653262653766386165356130323635383963613363343433610d0a343966646437356534316663656264663263366531616633346662366261363863633464333434623231343364353439303065326132396365666131633338613835613563633439386133313466646234366461643265373264383233303332363861376336336536333435336238616333643837336638306665353535366665636335666539623735363664386334663133343763666238633535653635653766303166636139333664343364346431316537646136346364336539643033623863343861626232343566656562616663616333663331356264653134353036643735303930373536626537303766303061336661353636656166366137343966313033336533313637613933366634366563393338316633326666633038306338663730366235626332373833363737656264643666363463666532616136623932393265353964393963373436393762336166333564316563366465326233623566383961346630666466616161656533653439333831646330653466653832623533366430353732303832303130376235370d0a3533643535386563356133623962363932323462316134623139303531643433323931643038323332323964356362356262366139613332326335363365353565643861373039366233626563373838376132336530383233643938373165623537313363353336656266326464653962613964616266373036643863616266663764323634353739663261373238663433623934643438613133623866333635393164623638646363636334663631353966613364383433376139323661663737366631626339373437373432323534303763613834373038303637613637656631666637616132623937396635613236633664366461656132383236366335633563636431313863326337396534323836653462313163373465333236623865663838666138646563376532326235643264396461316432393630353731306133313531326537323339323361653330303632616639393533386239623432653537353234613039396538313336396661326466306632613438366335636537313935646131393466623131630d0a38333562376531353934636265313464333535383933323431313962363933336434333436633530653766656639313565303366663030313265373162336338343166663030653766346166353666383462373632356431623534623134646564316462356432636361636439333866333137393139336466326239666336623861626532313536353662353865656131383637343235376536623964666437323566313033633437363761326638373665656439646362646564636332636231343331666465303066316263666130666537646162353363346465323038626333646135393966363839326561353365356462343237663864663164346666623233613966663030656264373864646632636261383039653462623930646335633465373734393233663537336664303736303362353565306630366562626536376232333661623562393334356239343063616436643764323030373238303230646265646237666630306437356134616331643433323963383364326232663533383635303232626238393062333261650d0a643931343761376166653163666537353135616561323134363135383733666332643565666139663263623935396335623933656133366237366633616339366131353934386333323933636537643661623437363961396237353865323431666564623066653935366134643439393361663936623965383361393335313364633564343965623161396565666337666533613339666535353332353136656637303163366430633661346463356463363938656262313766633661626233633063333130633532646337666237323339353466643361643435333439303431663334616336343631666466656466383734313533653866613365613565323964343835396330336361383937306433333131633434396561646565376232663533646638616361373531326431303337363537363336633734656434663566623937623464316530353935643331653663386238386531383733656137616231663665366262376233663835373634396137303836656635326263666234623164643233646262303434636637303031300d0a37323365623564613638666132643965383561366337363136333165643839333936363366373964626262333165653661666564616366393265656632333865373565346466626261316537396666306161656436333339623664366165653366663030376131386438666537383134386466306537353135666635316532343632376665396164626631666133353761323664613336643532386135623131656465376463663133623438346438626463356336613732366662653836343738346131653363626331666561333037336538343536373839653664356166303461643933316139633434396438396635616634326638383365313335626662306261643632636534313135636333306565396433366534346561626366653063303637396634616534663435623531316462383938386561333062666434643639306263646632373434373563323661353162393735323331363536366462343634613863396637333563623764623062356433623439396331333866633662623161636262646432366464663734616262310d0a306635323162383135626435383439613563626430623466623939386163616533326134313135343265646233373034376130303261633031366631346238343934326230656130333634316138326630363236303764353662393636656631323936653664373831666333326461666561343235396430666630303636643963393939343931633461653065343436336462623966636262643762343632623961663837626234663833616463323863363236393431666165663335643465646139613661633866336562343963613561663432336335313861393336643162366165653634333633316633316661353135323436626633316661353134356334336439373966633037663261346462353262306534376430376632613665326130643263353362666433616462353362323932636565653231323433323065343734323066363230663632336231616362663066363862373961333462613834373731373439373330346432323363333236646333663062623465663164333363306534373561653833313436326135610d0a353762383063646234366461376532386335353563326333333134363239663861333134303538363632623366353764306234646437366434356265613536383933613063656332373836343237626139316338333561373861313861613239363736306161613332633466363164636432373636616363313564336261336338666334626530336432623463386334316136636637656637346662373362653435333163343139623661623339633637303538663033643864376138373835313334646431666331396137343136353931313263376662636366646639323666663936383562646637363437623030323864313334626237643462633266376437396139633434616562303463636533333836353838373131303037623130303036316565366238306633333537643161663635393664363433373330623337636439346463323463373030626130653433363366383937616637313565363536613763663765346430663632383436613431613934393337316562646431376665323134643263393737363337650d0a6339383831353165303164663662313231383637656238323366306166336564326165613639313633386465343636646633636137396563386263363366333335643765616665323537643533343862616231393263363231653634363739353637323530386534333633363736323333356335653832656437306562333135633765656366316538346231323766393861656363626535353134353533393262353833313132613732393733353364386466636435343964326436333362653438353062316539663238633961623535343265393232646563346338633563663631636532626436396563373339306264633261393637386533343862643538303139666365623261366264393634373239306139323466663266353237623535396239313930333762363233316339663532376432613464326234623937356362393638353634666233646263366262396464343637366537613031656537666135373035376162633839623665633864323963316364643930666630656638366566336334316139373931360d0a6137666435663333646433326535323031656333626231656333616637653035376236363866613264396538356137323539353863343536333565353964623936393162626233316565346434316531626431366661306430616365643231383230643336313865333162636138646363656666303063346330316635656239336364366532373837616433316662663932653237366565356535323031666330353763663537653231633335323736383237323631326332346537663162623130363239373666623535386666303038343733346166663030396637366666303062663864666533346437663066646236336637313364636330376664393934393166393161633633633531346462663761396266626338373937616539336663303833366432656461366339363161613562373331336335373839666464366639316666303063326132386566613236373331346331616465363531393331636333363966613866356166356230623962363137313361343235363764393963663533303735323161646165626338393235383132650d0a323137383635313938653435323865336434313138333565343331313564326462666232656563623431373136653561333062333265643265613039646163336434313138336335376164633366366264343839666231326163373030333833373132306365656666373437376661643466323738356563366563323964343561346264326137373266396238306161376438306539356366356638386230663836396461316566336663306538613138343961353739626237653637386164643662306139323739333661383636393866613734313539353763656130383664346566343137336432646431623030376437316339616661303766653131336430663138313630383365383466313534613666303336393235346664396130383633323439336236353835363435323766313139666436623962666436636137336432353036373537643561336432343763666466366238363331386237623433383364663638353166616633353163393362346530333361383463306539653935653862653264663035323562636430620d0a6666363763333631313363616132346264623530356133353465373235653366636239313833643662366663333565303364306163353932663365643062616163656238363539313861393864306636323134373166396536626436633336333231386138373335333637333536666463666334346466306636636537623566303863323265323237386363623334393261616238633164616337383338656439616561373664343938636432363262623136386163373964323763636565333336643162363966386133313463353631323335663938666432386139323331663331666135313430616333643837336638306665353464633534616362633866613066653534396236613265356438386631343632613464623436646132653034373861333135323664613336643137303233633531386139333664316236386238313165326232376334383563653863643639313132323562653936336234353233623739386331353866666466336261623662366437323965323364353936636235666433393235343165346439300d0a66623662303264383332313362393036643164663666326337626632326132613461643136366234323065373531323361646437363434623164313863313038646138613962313430656361303630376634616633666164646266626364373763353536623964326234383331646261303235613662393362343336336230316335363034396134656262313265653436623739393837353863313532343966343033383366636562393232643234376431353163353532613531653539336434633666313135633466326164626539333639393662396264373038313764343132303031663839633066613033353737633462653062626164313565636536623437333731303437303838353964383165646365316230333233393237303730373833383338633033353064383565343761373662313635616664663539346233623139363735386132383038363262623134323239633963306336653332316366643261643661376631383631373864613238373431393634653731623864633734336638326635613961630d0a6631313039633635343936633633356137306162323664626433613165376461396561373739306239383835623938623833393633663330666663373733666432613162326432663563643432343830356136396237663736643733316234623039353463326261613963313630336238303662356235666630303165343161666539386636613734643662363964393937663739653638323336383339323066303364326264303334323762376262663032373837656533346439636165613136356235326439393537323434633338393233323362613930343833663831616435653265613338333964356432633731636531313532346131616463653138376333666631333334376537646635613264393435643337356363383031666331343634643761386638323363313730363833613734373235633866333265396366393837373065386465613437663231643835366335616538386632646432646665613733333464373362623738386331663932336634316566386164616166386463643733373936326264636136650d0a6431666363656335313864333536386566646332386132386166313039306132386132393030353536626462306236643432303331356363363163373633646437653836616364313464336230323664366138633436393265653062613861636165323433623466313134383833363837353166346538343761353664663461616437643662663662623536386434656439313438373864626662616333613161376439646330626262343865373033316263373262653837623866636538623735333439636239613239393335313464663331303163313735636661363639643438636563333634386432363839613239353033633663333063616333383335653364653333663062646366383466353231616466383765353932643535636663646534666561313837343233656235656337353533353362343137626137636230393530636438646338303866653231633861656463313633323738356161613731663961316439343937326362363637393265393166313532363831313631643665633161363230653064630d0a64613630316337626336376266643066653135653835613465616636316165353832646565396237326233633034656432343730353562623836303739303764616138366164653036643166356564333936376236383536646536393133376139316562653965643563623738303734396265643037633631613935383463653161313762343132336564303430646331663638646333623163363765613262656437326663646539363264663232643235643866336631333834353038623963346634366335313861393331343664616635656537396636313232316633316661353135323434626633316661353134656532623065363163666530336639353236326135363565343764303766326134646235396463626231316532386335343962363864623435633736323363353138613933366431623638623835383866313436323966623638646234356332633333313563363738396563613664366263343731653966366230636433346236663630363437313131303336616339323030343936336466303837303333660d0a333166343139616562656561663264366339373337313332613637613265373933663431353933613464646463356236616261626465616539393737336135653439313138396332653365343534306238653761373362386665333563353861633635306134616433393234636562633264303963613537623064626364336566323466326130626262613331343531633461616236663039633834303036336664646339656137383364376164373162653235643165646234616230626139643434613430383862613337393834316464646261373164346437373961386561346163633237393263656632303031376536326631363437653632616134316137316631306336316137346632663465636630313937653639376663303537306434636366306234613966336139356664306636613964323834323137363863363965323562326630393437613664613334366637343936653861383966373839336336346664376139653662383662386630643661383137376364613763613437613935653662646436643663610d0a646163613330393664303234363037613065346664346635616137616164626463316236393565646135393062623064613137373734636631393135653663663861366264666463383262316366316135346462623333636362633264663066323364343866646161663137366332306533366230633863666130316463666538326264306234336431616336633666326531656432323062313430376339386337626635363365396466313562353662366539363936663135626336333039316138353135353334376666386630653765663739623236656661656633356532363266316435623135333733396266393734326565393435613865633566613638393130626563306330623031396330333535616665373331343431353465313966626661306163613536363437306361633433306566356537623964393935346538623961623964303531353432316434383163303939343833666465316465613633376636653037646632376630333466393931306539343937343263643134633836353133343762643431306134663139650d0a663466613634333536306132386132393830353633646463333737363331633836323365366461313736393164353436316433336339666138666436623632386133633861386364633564636537353539353934333239303431313930343737616433623238656539303832373838636666306231656435343664353631623364366536623537316662613633653634333965386239656133663033666365623736613134326363653861643533346235623730613238613261636535316231633639313230343435306161333338303262333265333463396466353439366565646136386531646631616162313634646462633832376166653135616234353639346162346539346239653962623330663533313565376261623263316265623731653537373965303235393437643437353135366431393634343065383433323330633836303732303861626635386433343633343962623065383331363133623664363565643062396538343762316166613663623333643963613661393632336166356666303033330d0a3932623631363332353738363863626631326663633765393435343931326663633765393435376435613637396236316363626338666130666535343938613935383732336538336639353337313533373263363632393331353236323939333462313562633464326363656231633661333235393865303061346534393262623161353764313036646133366436363264646466366135636438343462303562373662383964373936666630303735376663366134666563373739313430623864346566323433643732386531303765343262633661663966363161393365353866626465383735633730373266623465633566646235393737373739336366373637346664333861663965333939613536653536323166643466623534376138356234626136353933346236646138646436666338353865333732316637333165383339313961643164333334663564336163643632636565393562653639356366353636336436626365633636376561613532653561303961366364653936313233303763663237376563333263620d0a34376235623236663337303636623833636234663266326334666634616237326332623332653138623066613336326134613262653632353237323737393164316363656637333964626662373933636538656339363432336366393135306230336663323739336661306165383131313633386436333435306138613032613831643835343264303636666133396231396332393164336131616231353262366231613534396633323438323861323861363632316463353633643835643264626561333335623438373661636565363438633966656637373166643662363262396564363263663265633339656262643438653066653165663439626233336132383238633962386265613639366137313331353439303065313738336564353962353565316436656565303466326165313363663463363337383139333866373135316666303036613561663363626537643363623335313238333666343361613134613730356361643136363532613231373263373061313465343833643035333264313939656365313637330d0a393632383332366139343932636237656532323534333163333965373737646536666630303031356134616131313432386538303632613634623935353965653661643539366136643538396666343338666630303166653735363262333734653963323933306231656137326266356634616432616432326565386633366163356139333061323861326138633832386132613162396238356237383839636663653765653861346464386134396237363436313661346439643632313735663537356664336666303061643562393637323939366439343965353837303662396439386565626662363139653831646366653538666562356237613637666161393366646561383466353437356437386665656437393137613861323861643065333061323861323830306138616536646432656564363562373766626232323935613936386131336236613062343238363839333335633639663139393333653661303331626537666263613730363861346431393461356536613931316538623732353837666330383033340d0a353765393138316163656165316131333764353165363632323163623536343931613663333966633037663261346462353262326633663830666535343962366237323263343263353531313964633830616133323439656332623161646132336164346362376437346137656338383733366430316538646665646237616537623535396437346234393135626539663139633335653439623138386563383339366162656161613838613861333061613330303761306166393763666231623234643631653066643465666333353335303866336635363264313435313566333036653634356438666234663838326361303366373231306433313165653037316663656235656138333432343662653933656433623561643939343163373764633366613535666130623962626134393035313435313431303134353135396637663764653438363434366462623436356466643239333736326131303732373634356162386261383664353033346164633933383535303332636337643030656635316133646634633737370d0a3937313562613761333964656666383831633061616461346461316438326661653031333731323863613833666632636430663430336463663761643237373534353263633430303362396137376230653439323736356138643863343830313132336162316366303535373134643965303439653364616664626131663461613932366136303166646463373931656163373135313766366137393838633835353732343131393536653935306534393937316135353266376231396633356234366565376434316662633362643433663632313966663538373166346162353435363661346431646561373234623731393163343931306332386661396635613764313435346237373133373731333730646462373363653333356131366661383135303136363034666630306234336661643632646362333437336133616661353462306463633733386639346530383338323064356134643262613134653932393436656365383936653630373139353935376631333861316165363035656232616665303733353837343531650d0a64313963666635373564636434396235323863306334343062333761396530353636633932336361653564643839363334633636306133326337303261626463346563356665636430316664663330653562623436336434666266613532663761343664306134613362303430376364626239613666653135633434626638373237663566653535626461366165326464396266626364633536336335316163333132633638336535353138313536616461653961646462643530663531346434393733313335613265353162323336613861363435333437333265353138316636656634666164346530363961646332386132386136303134643639313531393135386530623963306637613836376263386131313863656536666565386163653562393236653765643133333064623138326537643030316364346239366236343662306134646162623264363861646536656131616233663666623430353166383238313435343965316138356437346231333438333132356333333465646666303233633765393861326266340d0a35633034316433633334323266623165353632373561616563366233306537663031666361393331353262306534376430376632613463353734646363656336316464323837663133646236376665353964616262306636323538306162363635353133303862336633393139633762353531626662383861336631363561343631643462336462623233386565333963386663663036616232646362326465313962616663646338663661663833636532353663363438663565386433373238326634333661386134343735393130333239636139653836393662636532326464303238616133663662396565643939366335313363623037303665323466626239666636343766313766326137376438613636666266613864636534666630303733366138666535346563353732646237326535313539313365393937386134626462646439396266653939636664346664313835333263373531363436323932303731623465643738646665663231613466343334353462393935653265653662636366653534326566663030646431396165360d0a6166383936623539303331666265343239323764633830376639643734313738373735386262323930343130306537643436366239656265346466363732323065333233313961383766313233366333343734363735323030353031343734303330326232366665373332636462303166393133663533353666346462633137623631313463336566363336623866343631633131353934643932633439656239333465613638343531383561346566643034616135326334643264636564623438646135373166373834363365653966373364303535646237623736643436363638643163613431313963343932323965343966656561666635333562383839303539633031313135363238393761303134343233366435396234616266623337363865616363333836636635333262383762353463386565643238653766326137333562646561316639616364633866353864633337653964366234356635333863316639313139383761663461313335333863396333343663613364343733343966323333336636393535656236330d0a3235363634363764393932616533663831383664366663386433656236323738326437353238333065303338656363333836353365633762353630343965373538646439623562393664633038636337326666303037393764666466643639336137613564316135336139636565646434373563343565366337386665323163386163393634393231393139393537323039663939336131636661386164626136343930613461336536316366613865623434323763626133336132313365356431393938626138313565306338343633623338613533613937366633353466663030626133333536646163383736376533646335333536633430336362303033643835356633343064356361303533313364633463633034366163306636373933613866613061643162356236313664313931393263656537326563346534623161376337306134356637343733656137616434393531323964663434363333393566343431343532333032343730633437643261303932343936303230623631643066376336306434323537320d0a3532623936353539393162373239323066613861623062376637306133316263333764343535333865353539353732613765613364323966343661383939343133646431366666623436376666363366326138653462633965343138326638316538626335343134353163636339353465326261303534373263346637393234356137343437306637323733323166656563343066323766316539346537393136336438303832656632316334373161663537336539663466376164336630633436386430646363663237666337663139346134653038666635373865386133646231356561363533383335383863343235326439366136353839616265636539623638646338323335343031313436313535373030376130613261353838376363376539343537646664656337383065653339383732336538336639353431373733613539643963663732666630303736323432653766303135363939373966633037663261633866313338323363333737626336373261303166613665313538643539623835333934393734343664346533630d0a643334393939313635613666646137346533336463623131373937346332373639343735343665616238663631653935306363386431346163386664343165626562356261613030353530336130303262303665356263663932343237663862333866613537653731356136653666393966353364396130646239333564303763333731326330346563336331656130663461376364376232646533633536346130323739653438373635636534323031393663376437613765333539343265613438666534373530343865333961626461326164633563646538626433313831366331316133353663663234653437323364623865623461313136396639316164366137313861653636366661323263363861383861313531343630323865383035353062386434373034616331383366656431613937353039346337366531343165356365336630616339613939636164613233306133346434393733343862346261383563303363623239666138616137613964633436363762376261306262316339663261356337340d0a32336231666330643361613936613464666239386433663839613431386663333933346130646237363637346336396337393931616630646438346236373835643462323931663265306634616135323236663864393764343531313637633934636635633533393938326139363364303063643464646463366132613266343239643864656362613664633333616165663864636665663232636533663131656635613136643663333537393561376333613538313366326166646436393764376538626663656232353633366264626238613063653063656638363233623065613766343135643961323263363861383861313531343631343065633262613566373634363261346130666464646438393134353163333138386532343534343164313534363030616338626339636366333165376534356531343766356164373930383538396339323036303165623538313539353437643063333065616564633938353134353135393164343365323935653139303361316331316661643265623864316463363939306464300d0a313837386535303365393965303861386561626466623665623166623366353639363534633066613732366234613665643232373937646535323434393062363630353633653935316339373063626361633464386635333533323265633435356634313465613862616239613564356361663164646133396333306461376634616231353532656131303037393861333165613261366237366464303239336434373135353234616437343534613261646363383936386132386138333330613436353063613534663433346234353030363633383932313930383437646165306635656130666436613738656664373138396430633664656130366535333462333437653664646564636533326239333530626462633838376565393233643435366665656339366137343561333235616565353933376436613366653561666534616466653135306339613833333731366631316666303037653531383166383065613661306333376131666361396539303438666431346664346631346434363238336439633536656332640d0a3164613262623133336262336361646331393162616665316538326237653039626563396163646235653266313064663031303463303736373166373562666135363134623665643061303632343163663563373661643062613263666531663932343533663334353263373232396637303435373436313662336135356533333839636438613834363531643364306564613231663331613239663038636236376434363638616664303265376365356163373966353837383966633630656562323661313633613663333136333935336239333363376139336664326164356635646561336138646234623135646465323437366632326530633730343562353466623666376337653935373933346134386338363932363731633634393463323637666166656234663033346562363632636162313937663563366536666363643763343535636432626364353963623433643837633963643738633765653133343762643137646136343664393165366336336362393436376133306533663565623539656561363339313934660d0a35303731343564356461643935663962666236343362356336326532333234306465303734363165653366356162386466363764353232313731363732616262363339356538376631316438643739623531373336623133343866623932626235613333323266363231326334623161383032343931643633353666346339633537346631343439303432393134366238343435306161336430306165373635306631646635383036353233313732626238316663366261343632313431363364303063643130663834353839393337363435336434383239383031326330333033633066356163626137636432623464323937366561376137623061363536333237373636643465336362316230373661616466363533323466653734636662383865313534306530306162333435303962343638396438326131623933386237366139613939333236663835393437356335313164633233623931363861333361643437396665313839633866643262613961653437346239343431616335623333373437646431396366610d0a39316337663261656136653839356235393438656262366261323562316366386235376161626363636262626239333363383430323763623037383166643661626431343537333337373336386335343535393035313435313430633634393230383933373135363665643835356339613861323864653439666564313332656432303632333466656538656534666239616231343533346563383631343531343532313063396231653462653764323962366538353230353037613965366135323031313833643239333732386561633037653334656661353837376432633264313430323066343230666432386134323061323861323830313861393839313963396339336337643035336538613238303061323861323830323262393139623736613764646162316430633430623964643335633435313238316466393134616362623836306661643566623462366662353662643631366238636135613239623939383865636537383530366262333033346464356166313832656536373561366133303361660d0a3839373639633761306335313466343138323638616664303866306563373964336463346433316662653939633065383463613761376662336337656234643666393766643633343835373139336264643632316639306339666436613962646432333865363662383937383166373365353166613534326437313063363737306237386331663537363034666561366266336135316563386661323534396635363566356239623735323763626632636265376163333137393864666630303764333636393932383639396663653136643232636337616364323464623162663461636439623539343838376366373531323266613066663232623232656263356461346462623130663761636564653861336663303161653838363162313133663836326665653137656561326635363865393236366264363862333236613365363138633837343463366563623033393139336436626137356261346264643262656431303965316433333866343364633537393034646533656433353538383865303961343165613531386537663333350d0a64336638326663343966646132326531656431353965336365363462353635646163376434616662653362373761643261363037313130613665353338623438636562343230643237313662346634336133613238326630633837373431323837343363386635316563343735303638616632396162336233323933626130613238616138393732643133393865353037383363316136613264656335613862376231366538613630396133366534336166653734386433343661333235633765316364313636326535363533626362373230656534336237323732616333663835383537343336353736333533643263623730323664626232343566343666663030656264373362336365363636663435316430353336646565323662323966656431303338343665386531626565623066376666316165383439663264393935353638626139303564643161376432393031303436343163386135366239356238376463363137383634336339353363613966373063326162343835656464636261386363366464343761310d0a61633339373562313331356363353961326130313737313131636534316634633534373235653634363233313866373334373234386135303933326465343637316465386161663636373331623132373234623732366163353236616365633239326233623035313435313438393061383965646130393333626532343234663234653339666365613561323834656462303139623334326636356662643839643863343365663032373235336466646335356338323731333265306533373065626566353331303139343832333230386331313539353030366236396363373966663030353466623766306564666135366162646638656262396161663764353965653661643134353135393139303531346431323239393561333037653735303039316563363964343030353134353364383435366630396238626239303433303065653761623762303134653331373237363432366432646335306631646163306637393366666162386665656166663030376462623238616539336333396136633936373632643731373433660d0a64333665396263643962666439663435666330353739353462663133663433623664366637646435613563356434313661376664316532383430643861646664653339656137663461643666663835663361326666643032366662663335616661666339663030653832663639353136616663386532633434363733643233366662643766393965623230353135653465336533636538626666303034303962666630306663373638616637326666643538653566616235346632666264376639396536643366383937353339633031653638353138656333336663656138346261383565636466376565363566633162316663616133643834383166343134366333356566643263626630643462653061363937633866396139653336626434663861366466636338393833333963623132633764636536393336643464623064316230643735323832356231636663643764633837363961643164313735353966343564346133626138353938363038646330353534643836386438366233616638373835366136653964343537346362613535613534653661370d0a3037616133646133346464346563663563383435636461393431373063336537386337353365653364376539353635633934666531323765393565326636393737373536333230393264653536343339636630373861653965643363376661393434613136653233343938306565643836336661663366616437653764386665313363346332366535383766376133663839663466383663656138343932353537343637373466373264643233386438396637313531633736373334656335393831663533656235636131663838623265333862323863316636343166653335393761396638643735356434313063366164653563363766383437303366323163353732353065313963633237326233383732663962336232373963653136396336663139316463663934323438383462303964663139663465613066613161386562636566346266313136613561356363356432363639313439663939353865373335643564623738656164323535303265616434303766366533666336396533333837373164383637656563373964373734350d0a653162336163336435643162623366333336343733643339616231313538626366393536303432393163386636666539353836666533616433613134336535646139363665643932373166633835373364616166386366353164343131613238373130343237623266316665376631616366306439306536313838393562393339353737363536323333386333643235663137646337613164393438623264623630343862323334343763623732613733633865383765383661633131396530386166323964303363343537376132646431376463363438396366636561646365376663366264326634646435656333353538643161333736383634376538386361343833663433666533356366396236346235663266396662646163356563636366303738666137386138646533626636316433356232366336363435633330653730326139353664356464626339363931613463636538363364653135383030373338336337316638653262336565616431613137323430663934396635653836626362386236623733643461333533390d0a623431366339383635393066643435356261636334646538653138373531356135313166333530333031663835346434356164633261633735623862343533626362366634613363623666346163616536323336386137373936646539343663366634613265303336623365653830336161346361336236633533663564613262353633386332383739613566663535306165663763376130656435393839363737313365656238393061383739393863383436376136376235366434656339333663626136666465326636323830303932303031393237383032393936646137346632333835306535623166633231623032613837383833633433366665316562373734386633323565396639373730313830383764626466646561613836316537356561326137346635366363366235343835333464623762313632343865343664353235333031353365356138386438653761623735336639363661363739613338353431623839613234336466326435653364326561373766326365663266646132343532636439633036650d0a3261303932653265613631383932373931383165633561626563363363316435613464373364343462653437386233636665393235363531363761336561646533366233643339353936636631333563373430633436373166343166643466653535633165616265323264346235373736333731336236643364353431616365643836386438366265386632666531666332653064356432653639373736373931386163643662353764313365353565343433623464316234643464623064316230643762376361373964636334343031636431353330343339613239613839326534376666666439, 4);

--
-- Índices para tabelas despejadas
--

--
-- Índices para tabela `estudantes`
--
ALTER TABLE `estudantes`
  ADD PRIMARY KEY (`id`),
  ADD UNIQUE KEY `email` (`email`);

--
-- Índices para tabela `tccs`
--
ALTER TABLE `tccs`
  ADD PRIMARY KEY (`id`),
  ADD KEY `fk_estudante_id` (`fk_estudante_id`);

--
-- AUTO_INCREMENT de tabelas despejadas
--

--
-- AUTO_INCREMENT de tabela `estudantes`
--
ALTER TABLE `estudantes`
  MODIFY `id` int(11) NOT NULL AUTO_INCREMENT, AUTO_INCREMENT=7;

--
-- AUTO_INCREMENT de tabela `tccs`
--
ALTER TABLE `tccs`
  MODIFY `id` int(11) NOT NULL AUTO_INCREMENT, AUTO_INCREMENT=3;

--
-- Restrições para despejos de tabelas
--

--
-- Limitadores para a tabela `tccs`
--
ALTER TABLE `tccs`
  ADD CONSTRAINT `tccs_ibfk_1` FOREIGN KEY (`fk_estudante_id`) REFERENCES `estudantes` (`id`);
--
-- Banco de dados: `laravel`
--
CREATE DATABASE IF NOT EXISTS `laravel` DEFAULT CHARACTER SET utf8mb4 COLLATE utf8mb4_general_ci;
USE `laravel`;

-- --------------------------------------------------------

--
-- Estrutura da tabela `categoria_empresas`
--

CREATE TABLE `categoria_empresas` (
  `id` int(10) UNSIGNED NOT NULL,
  `nome` text COLLATE utf8mb4_unicode_ci DEFAULT NULL,
  `imagem` text COLLATE utf8mb4_unicode_ci DEFAULT NULL,
  `created_at` timestamp NULL DEFAULT NULL,
  `updated_at` timestamp NULL DEFAULT NULL
) ENGINE=InnoDB DEFAULT CHARSET=utf8mb4 COLLATE=utf8mb4_unicode_ci;

--
-- Extraindo dados da tabela `categoria_empresas`
--

INSERT INTO `categoria_empresas` (`id`, `nome`, `imagem`, `created_at`, `updated_at`) VALUES
(1, 'Restaurantes', 'categoria-empresas\\November2022\\R6d1uCxtcAaDMcK0TdDy.jpg', '2022-11-12 06:49:17', '2022-11-12 06:49:17');

-- --------------------------------------------------------

--
-- Estrutura da tabela `categoria_produtos`
--

CREATE TABLE `categoria_produtos` (
  `id` int(10) UNSIGNED NOT NULL,
  `nome` text COLLATE utf8mb4_unicode_ci NOT NULL,
  `imagem` text COLLATE utf8mb4_unicode_ci NOT NULL,
  `created_at` timestamp NULL DEFAULT NULL,
  `updated_at` timestamp NULL DEFAULT NULL
) ENGINE=InnoDB DEFAULT CHARSET=utf8mb4 COLLATE=utf8mb4_unicode_ci;

--
-- Extraindo dados da tabela `categoria_produtos`
--

INSERT INTO `categoria_produtos` (`id`, `nome`, `imagem`, `created_at`, `updated_at`) VALUES
(1, 'Carne', 'categoria-produtos\\November2022\\5KhMI1uUf80ZT9QzVLKw.jpg', '2022-11-10 02:16:58', '2022-11-10 02:16:58'),
(2, 'Salgados', 'categoria-produtos\\November2022\\H9d07MBGk6MqhBEO7cXU.jpg', '2022-11-10 02:36:03', '2022-11-10 02:36:03');

-- --------------------------------------------------------

--
-- Estrutura da tabela `categories`
--

CREATE TABLE `categories` (
  `id` int(10) UNSIGNED NOT NULL,
  `parent_id` int(10) UNSIGNED DEFAULT NULL,
  `order` int(11) NOT NULL DEFAULT 1,
  `name` varchar(255) COLLATE utf8mb4_unicode_ci NOT NULL,
  `slug` varchar(255) COLLATE utf8mb4_unicode_ci NOT NULL,
  `created_at` timestamp NULL DEFAULT NULL,
  `updated_at` timestamp NULL DEFAULT NULL
) ENGINE=InnoDB DEFAULT CHARSET=utf8mb4 COLLATE=utf8mb4_unicode_ci;

--
-- Extraindo dados da tabela `categories`
--

INSERT INTO `categories` (`id`, `parent_id`, `order`, `name`, `slug`, `created_at`, `updated_at`) VALUES
(1, NULL, 1, 'Category 1', 'category-1', '2022-07-23 07:43:51', '2022-07-23 07:43:51'),
(2, NULL, 1, 'Category 2', 'category-2', '2022-07-23 07:43:51', '2022-07-23 07:43:51');

-- --------------------------------------------------------

--
-- Estrutura da tabela `cidades`
--

CREATE TABLE `cidades` (
  `id` int(10) UNSIGNED NOT NULL,
  `nome` text COLLATE utf8mb4_unicode_ci NOT NULL,
  `estado_id` int(10) UNSIGNED NOT NULL,
  `created_at` timestamp NULL DEFAULT NULL,
  `updated_at` timestamp NULL DEFAULT NULL
) ENGINE=InnoDB DEFAULT CHARSET=utf8mb4 COLLATE=utf8mb4_unicode_ci;

--
-- Extraindo dados da tabela `cidades`
--

INSERT INTO `cidades` (`id`, `nome`, `estado_id`, `created_at`, `updated_at`) VALUES
(1, 'Jardim', 1, '2022-11-10 03:39:47', '2022-11-10 03:39:47');

-- --------------------------------------------------------

--
-- Estrutura da tabela `data_rows`
--

CREATE TABLE `data_rows` (
  `id` int(10) UNSIGNED NOT NULL,
  `data_type_id` int(10) UNSIGNED NOT NULL,
  `field` varchar(255) COLLATE utf8mb4_unicode_ci NOT NULL,
  `type` varchar(255) COLLATE utf8mb4_unicode_ci NOT NULL,
  `display_name` varchar(255) COLLATE utf8mb4_unicode_ci NOT NULL,
  `required` tinyint(1) NOT NULL DEFAULT 0,
  `browse` tinyint(1) NOT NULL DEFAULT 1,
  `read` tinyint(1) NOT NULL DEFAULT 1,
  `edit` tinyint(1) NOT NULL DEFAULT 1,
  `add` tinyint(1) NOT NULL DEFAULT 1,
  `delete` tinyint(1) NOT NULL DEFAULT 1,
  `details` text COLLATE utf8mb4_unicode_ci DEFAULT NULL,
  `order` int(11) NOT NULL DEFAULT 1
) ENGINE=InnoDB DEFAULT CHARSET=utf8mb4 COLLATE=utf8mb4_unicode_ci;

--
-- Extraindo dados da tabela `data_rows`
--

INSERT INTO `data_rows` (`id`, `data_type_id`, `field`, `type`, `display_name`, `required`, `browse`, `read`, `edit`, `add`, `delete`, `details`, `order`) VALUES
(1, 1, 'id', 'number', 'ID', 1, 0, 0, 0, 0, 0, '{}', 1),
(2, 1, 'name', 'text', 'Name', 1, 1, 1, 1, 1, 1, '{}', 2),
(3, 1, 'email', 'text', 'Email', 1, 1, 1, 1, 1, 1, '{}', 3),
(4, 1, 'password', 'password', 'Password', 1, 0, 0, 1, 1, 0, '{}', 4),
(5, 1, 'remember_token', 'text', 'Remember Token', 0, 0, 0, 0, 0, 0, '{}', 5),
(6, 1, 'created_at', 'timestamp', 'Created At', 0, 1, 1, 0, 0, 0, '{}', 6),
(7, 1, 'updated_at', 'timestamp', 'Updated At', 0, 0, 0, 0, 0, 0, '{}', 7),
(8, 1, 'avatar', 'image', 'Avatar', 0, 1, 1, 1, 1, 1, '{}', 8),
(9, 1, 'user_belongsto_role_relationship', 'relationship', 'Role', 0, 1, 1, 1, 1, 0, '{\"model\":\"TCG\\\\Voyager\\\\Models\\\\Role\",\"table\":\"roles\",\"type\":\"belongsTo\",\"column\":\"role_id\",\"key\":\"id\",\"label\":\"display_name\",\"pivot_table\":\"roles\",\"pivot\":\"0\",\"taggable\":\"0\"}', 10),
(10, 1, 'user_belongstomany_role_relationship', 'relationship', 'Roles', 0, 1, 1, 1, 1, 0, '{\"model\":\"TCG\\\\Voyager\\\\Models\\\\Role\",\"table\":\"roles\",\"type\":\"belongsToMany\",\"column\":\"id\",\"key\":\"id\",\"label\":\"display_name\",\"pivot_table\":\"user_roles\",\"pivot\":\"1\",\"taggable\":\"0\"}', 11),
(11, 1, 'settings', 'hidden', 'Settings', 0, 0, 0, 0, 0, 0, '{}', 12),
(12, 2, 'id', 'number', 'ID', 1, 0, 0, 0, 0, 0, NULL, 1),
(13, 2, 'name', 'text', 'Name', 1, 1, 1, 1, 1, 1, NULL, 2),
(14, 2, 'created_at', 'timestamp', 'Created At', 0, 0, 0, 0, 0, 0, NULL, 3),
(15, 2, 'updated_at', 'timestamp', 'Updated At', 0, 0, 0, 0, 0, 0, NULL, 4),
(16, 3, 'id', 'number', 'ID', 1, 0, 0, 0, 0, 0, NULL, 1),
(17, 3, 'name', 'text', 'Name', 1, 1, 1, 1, 1, 1, NULL, 2),
(18, 3, 'created_at', 'timestamp', 'Created At', 0, 0, 0, 0, 0, 0, NULL, 3),
(19, 3, 'updated_at', 'timestamp', 'Updated At', 0, 0, 0, 0, 0, 0, NULL, 4),
(20, 3, 'display_name', 'text', 'Display Name', 1, 1, 1, 1, 1, 1, NULL, 5),
(21, 1, 'role_id', 'text', 'Role', 0, 1, 1, 1, 1, 1, '{}', 9),
(22, 4, 'id', 'number', 'ID', 1, 0, 0, 0, 0, 0, '{}', 1),
(23, 4, 'parent_id', 'select_dropdown', 'Parent', 0, 0, 1, 1, 1, 1, '{\"default\":\"\",\"null\":\"\",\"options\":{\"\":\"-- None --\"},\"relationship\":{\"key\":\"id\",\"label\":\"name\"}}', 2),
(24, 4, 'order', 'text', 'Order', 1, 1, 1, 1, 1, 1, '{\"default\":1}', 3),
(25, 4, 'name', 'text', 'Name', 1, 1, 1, 1, 1, 1, '{}', 4),
(26, 4, 'slug', 'text', 'Slug', 1, 1, 1, 1, 1, 1, '{\"slugify\":{\"origin\":\"name\"}}', 5),
(27, 4, 'created_at', 'timestamp', 'Created At', 0, 0, 1, 0, 0, 0, '{}', 6),
(28, 4, 'updated_at', 'timestamp', 'Updated At', 0, 0, 0, 0, 0, 0, '{}', 7),
(29, 5, 'id', 'number', 'ID', 1, 0, 0, 0, 0, 0, NULL, 1),
(30, 5, 'author_id', 'text', 'Author', 1, 0, 1, 1, 0, 1, NULL, 2),
(31, 5, 'category_id', 'text', 'Category', 1, 0, 1, 1, 1, 0, NULL, 3),
(32, 5, 'title', 'text', 'Title', 1, 1, 1, 1, 1, 1, NULL, 4),
(33, 5, 'excerpt', 'text_area', 'Excerpt', 1, 0, 1, 1, 1, 1, NULL, 5),
(34, 5, 'body', 'rich_text_box', 'Body', 1, 0, 1, 1, 1, 1, NULL, 6),
(35, 5, 'image', 'image', 'Post Image', 0, 1, 1, 1, 1, 1, '{\"resize\":{\"width\":\"1000\",\"height\":\"null\"},\"quality\":\"70%\",\"upsize\":true,\"thumbnails\":[{\"name\":\"medium\",\"scale\":\"50%\"},{\"name\":\"small\",\"scale\":\"25%\"},{\"name\":\"cropped\",\"crop\":{\"width\":\"300\",\"height\":\"250\"}}]}', 7),
(36, 5, 'slug', 'text', 'Slug', 1, 0, 1, 1, 1, 1, '{\"slugify\":{\"origin\":\"title\",\"forceUpdate\":true},\"validation\":{\"rule\":\"unique:posts,slug\"}}', 8),
(37, 5, 'meta_description', 'text_area', 'Meta Description', 1, 0, 1, 1, 1, 1, NULL, 9),
(38, 5, 'meta_keywords', 'text_area', 'Meta Keywords', 1, 0, 1, 1, 1, 1, NULL, 10),
(39, 5, 'status', 'select_dropdown', 'Status', 1, 1, 1, 1, 1, 1, '{\"default\":\"DRAFT\",\"options\":{\"PUBLISHED\":\"published\",\"DRAFT\":\"draft\",\"PENDING\":\"pending\"}}', 11),
(40, 5, 'created_at', 'timestamp', 'Created At', 0, 1, 1, 0, 0, 0, NULL, 12),
(41, 5, 'updated_at', 'timestamp', 'Updated At', 0, 0, 0, 0, 0, 0, NULL, 13),
(42, 5, 'seo_title', 'text', 'SEO Title', 0, 1, 1, 1, 1, 1, NULL, 14),
(43, 5, 'featured', 'checkbox', 'Featured', 1, 1, 1, 1, 1, 1, NULL, 15),
(44, 6, 'id', 'number', 'ID', 1, 0, 0, 0, 0, 0, NULL, 1),
(45, 6, 'author_id', 'text', 'Author', 1, 0, 0, 0, 0, 0, NULL, 2),
(46, 6, 'title', 'text', 'Title', 1, 1, 1, 1, 1, 1, NULL, 3),
(47, 6, 'excerpt', 'text_area', 'Excerpt', 1, 0, 1, 1, 1, 1, NULL, 4),
(48, 6, 'body', 'rich_text_box', 'Body', 1, 0, 1, 1, 1, 1, NULL, 5),
(49, 6, 'slug', 'text', 'Slug', 1, 0, 1, 1, 1, 1, '{\"slugify\":{\"origin\":\"title\"},\"validation\":{\"rule\":\"unique:pages,slug\"}}', 6),
(50, 6, 'meta_description', 'text', 'Meta Description', 1, 0, 1, 1, 1, 1, NULL, 7),
(51, 6, 'meta_keywords', 'text', 'Meta Keywords', 1, 0, 1, 1, 1, 1, NULL, 8),
(52, 6, 'status', 'select_dropdown', 'Status', 1, 1, 1, 1, 1, 1, '{\"default\":\"INACTIVE\",\"options\":{\"INACTIVE\":\"INACTIVE\",\"ACTIVE\":\"ACTIVE\"}}', 9),
(53, 6, 'created_at', 'timestamp', 'Created At', 1, 1, 1, 0, 0, 0, NULL, 10),
(54, 6, 'updated_at', 'timestamp', 'Updated At', 1, 0, 0, 0, 0, 0, NULL, 11),
(55, 6, 'image', 'image', 'Page Image', 0, 1, 1, 1, 1, 1, NULL, 12),
(128, 30, 'id', 'text', 'Id', 1, 0, 0, 0, 0, 0, '{}', 1),
(129, 30, 'nome', 'text', 'Nome', 1, 1, 1, 1, 1, 1, '{}', 2),
(130, 30, 'created_at', 'timestamp', 'Created At', 0, 1, 1, 1, 0, 1, '{}', 3),
(131, 30, 'updated_at', 'timestamp', 'Updated At', 0, 0, 0, 0, 0, 0, '{}', 4),
(138, 30, 'email', 'text', 'Email', 1, 1, 1, 1, 1, 1, '{}', 11),
(141, 31, 'id', 'text', 'Id', 1, 0, 0, 0, 0, 0, '{}', 1),
(142, 31, 'nome', 'text', 'Nome', 1, 1, 1, 1, 1, 1, '{}', 2),
(143, 31, 'imagem', 'image', 'Imagem', 1, 1, 1, 1, 1, 1, '{}', 3),
(144, 31, 'descricao', 'text', 'Descricao', 1, 1, 1, 1, 1, 1, '{}', 4),
(146, 31, 'video_curto', 'text', 'Video Curto', 0, 1, 1, 1, 1, 1, '{}', 6),
(147, 31, 'created_at', 'timestamp', 'Created At', 0, 0, 0, 0, 0, 0, '{}', 7),
(148, 31, 'updated_at', 'timestamp', 'Updated At', 0, 0, 0, 0, 0, 0, '{}', 8),
(149, 31, 'preco', 'text', 'Preco', 1, 1, 1, 1, 1, 1, '{}', 9),
(150, 31, 'empresa_id', 'text', 'Empresa Id', 1, 1, 1, 1, 1, 1, '{}', 10),
(153, 30, 'cnpj', 'text', 'Cnpj', 1, 1, 1, 1, 1, 1, '{}', 7),
(154, 30, 'cpf', 'text', 'Cpf', 1, 1, 1, 1, 1, 1, '{}', 8),
(155, 30, 'endereco', 'text', 'Endereco', 1, 1, 1, 1, 1, 1, '{}', 9),
(156, 30, 'telefone', 'text', 'Telefone', 1, 1, 1, 1, 1, 1, '{}', 10),
(157, 30, 'foto', 'image', 'Foto', 1, 1, 1, 1, 1, 1, '{}', 11),
(159, 30, 'logo', 'image', 'Logo', 1, 1, 1, 1, 1, 1, '{}', 13),
(165, 30, 'categoria_empresa', 'text', 'Categoria Empresa', 1, 1, 1, 1, 1, 1, '{}', 14),
(172, 31, 'produto_belongsto_empresa_relationship', 'relationship', 'empresas', 0, 1, 1, 1, 1, 1, '{\"model\":\"App\\\\Models\\\\Empresa\",\"table\":\"empresas\",\"type\":\"belongsTo\",\"column\":\"empresa_id\",\"key\":\"id\",\"label\":\"nome\",\"pivot_table\":\"categoria_empresas\",\"pivot\":\"0\",\"taggable\":\"0\"}', 11),
(174, 31, 'categoria_produto', 'text', 'Categoria Produto', 1, 1, 1, 1, 1, 1, '{}', 5),
(180, 36, 'id', 'text', 'Id', 1, 0, 0, 0, 0, 0, '{}', 1),
(181, 36, 'nome', 'text', 'Nome', 1, 1, 1, 1, 1, 1, '{}', 2),
(182, 36, 'imagem', 'image', 'Imagem', 1, 1, 1, 1, 1, 1, '{}', 3),
(183, 36, 'created_at', 'timestamp', 'Created At', 0, 0, 0, 0, 0, 0, '{}', 4),
(184, 36, 'updated_at', 'timestamp', 'Updated At', 0, 0, 0, 0, 0, 0, '{}', 5),
(185, 37, 'id', 'text', 'Id', 1, 0, 0, 0, 0, 0, '{}', 1),
(186, 37, 'nome', 'text', 'Nome', 0, 1, 1, 1, 1, 1, '{}', 2),
(187, 37, 'imagem', 'image', 'Imagem', 0, 1, 1, 1, 1, 1, '{}', 3),
(188, 37, 'created_at', 'timestamp', 'Created At', 0, 0, 0, 0, 0, 0, '{}', 4),
(189, 37, 'updated_at', 'timestamp', 'Updated At', 0, 0, 0, 0, 0, 0, '{}', 5),
(198, 30, 'avaliacao', 'text', 'Avaliacao', 0, 1, 1, 1, 1, 1, '{}', 14),
(199, 31, 'produto_belongsto_categoria_produto_relationship', 'relationship', 'categoria_produtos', 0, 1, 1, 1, 1, 1, '{\"model\":\"App\\\\Models\\\\CategoriaProduto\",\"table\":\"categoria_produtos\",\"type\":\"belongsTo\",\"column\":\"categoria_produto\",\"key\":\"id\",\"label\":\"nome\",\"pivot_table\":\"categoria_empresas\",\"pivot\":\"0\",\"taggable\":\"0\"}', 12),
(200, 39, 'id', 'text', 'Id', 1, 0, 0, 0, 0, 0, '{}', 1),
(201, 39, 'nome', 'text', 'Nome', 1, 1, 1, 1, 1, 1, '{}', 2),
(202, 39, 'created_at', 'timestamp', 'Created At', 0, 0, 0, 0, 0, 0, '{}', 3),
(203, 39, 'updated_at', 'timestamp', 'Updated At', 0, 0, 0, 0, 0, 0, '{}', 4),
(204, 40, 'id', 'text', 'Id', 1, 0, 0, 0, 0, 0, '{}', 1),
(205, 40, 'nome', 'text', 'Nome', 1, 1, 1, 1, 1, 1, '{}', 2),
(206, 40, 'estado_id', 'text', 'Estado Id', 1, 1, 1, 1, 1, 1, '{}', 3),
(207, 40, 'created_at', 'timestamp', 'Created At', 0, 0, 0, 0, 0, 0, '{}', 4),
(208, 40, 'updated_at', 'timestamp', 'Updated At', 0, 0, 0, 0, 0, 0, '{}', 5),
(209, 40, 'cidade_belongsto_estado_relationship', 'relationship', 'estados', 0, 1, 1, 1, 1, 1, '{\"model\":\"App\\\\Models\\\\Estado\",\"table\":\"estados\",\"type\":\"belongsTo\",\"column\":\"estado_id\",\"key\":\"id\",\"label\":\"nome\",\"pivot_table\":\"categoria_empresas\",\"pivot\":\"0\",\"taggable\":\"0\"}', 6),
(210, 30, 'descricao', 'text_area', 'Descricao', 1, 1, 1, 1, 1, 1, '{}', 15),
(211, 30, 'empresa_belongsto_categoria_empresa_relationship', 'relationship', 'categoria_empresas', 0, 1, 1, 1, 1, 1, '{\"model\":\"App\\\\Models\\\\CategoriaEmpresa\",\"table\":\"categoria_empresas\",\"type\":\"belongsTo\",\"column\":\"categoria_empresa\",\"key\":\"id\",\"label\":\"nome\",\"pivot_table\":\"categoria_empresas\",\"pivot\":\"0\",\"taggable\":\"0\"}', 16),
(212, 30, 'empresa_belongsto_cidade_relationship', 'relationship', 'cidades', 0, 1, 1, 1, 1, 1, '{\"model\":\"App\\\\Models\\\\Cidade\",\"table\":\"cidades\",\"type\":\"belongsTo\",\"column\":\"cidade_id\",\"key\":\"id\",\"label\":\"nome\",\"pivot_table\":\"categoria_empresas\",\"pivot\":\"0\",\"taggable\":\"0\"}', 17),
(213, 30, 'cidade_id', 'text', 'Cidade Id', 1, 1, 1, 1, 1, 1, '{}', 15),
(214, 30, 'whatsapp', 'text', 'Whatsapp', 0, 1, 1, 1, 1, 1, '{}', 16),
(215, 30, 'facebook', 'text', 'Facebook', 0, 1, 1, 1, 1, 1, '{}', 17),
(216, 30, 'instagram', 'text', 'Instagram', 0, 1, 1, 1, 1, 1, '{}', 18),
(217, 30, 'twitter', 'text', 'Twitter', 0, 1, 1, 1, 1, 1, '{}', 19),
(218, 1, 'email_verified_at', 'timestamp', 'Email Verified At', 0, 1, 1, 1, 1, 1, '{}', 6),
(219, 1, 'two_factor_secret', 'text', 'Two Factor Secret', 0, 1, 1, 1, 1, 1, '{}', 8),
(220, 1, 'two_factor_recovery_codes', 'text', 'Two Factor Recovery Codes', 0, 1, 1, 1, 1, 1, '{}', 9),
(221, 1, 'two_factor_confirmed_at', 'timestamp', 'Two Factor Confirmed At', 0, 1, 1, 1, 1, 1, '{}', 10),
(222, 1, 'cpf_cnpj', 'text', 'Cpf Cnpj', 0, 1, 1, 1, 1, 1, '{}', 15),
(223, 30, 'user_id', 'text', 'User Id', 0, 0, 0, 0, 0, 0, '{}', 20),
(224, 31, 'user_id', 'text', 'User Id', 0, 0, 0, 0, 0, 0, '{}', 11);

-- --------------------------------------------------------

--
-- Estrutura da tabela `data_types`
--

CREATE TABLE `data_types` (
  `id` int(10) UNSIGNED NOT NULL,
  `name` varchar(255) COLLATE utf8mb4_unicode_ci NOT NULL,
  `slug` varchar(255) COLLATE utf8mb4_unicode_ci NOT NULL,
  `display_name_singular` varchar(255) COLLATE utf8mb4_unicode_ci NOT NULL,
  `display_name_plural` varchar(255) COLLATE utf8mb4_unicode_ci NOT NULL,
  `icon` varchar(255) COLLATE utf8mb4_unicode_ci DEFAULT NULL,
  `model_name` varchar(255) COLLATE utf8mb4_unicode_ci DEFAULT NULL,
  `policy_name` varchar(255) COLLATE utf8mb4_unicode_ci DEFAULT NULL,
  `controller` varchar(255) COLLATE utf8mb4_unicode_ci DEFAULT NULL,
  `description` varchar(255) COLLATE utf8mb4_unicode_ci DEFAULT NULL,
  `generate_permissions` tinyint(1) NOT NULL DEFAULT 0,
  `server_side` tinyint(4) NOT NULL DEFAULT 0,
  `details` text COLLATE utf8mb4_unicode_ci DEFAULT NULL,
  `created_at` timestamp NULL DEFAULT NULL,
  `updated_at` timestamp NULL DEFAULT NULL
) ENGINE=InnoDB DEFAULT CHARSET=utf8mb4 COLLATE=utf8mb4_unicode_ci;

--
-- Extraindo dados da tabela `data_types`
--

INSERT INTO `data_types` (`id`, `name`, `slug`, `display_name_singular`, `display_name_plural`, `icon`, `model_name`, `policy_name`, `controller`, `description`, `generate_permissions`, `server_side`, `details`, `created_at`, `updated_at`) VALUES
(1, 'users', 'users', 'User', 'Users', 'voyager-person', 'TCG\\Voyager\\Models\\User', 'TCG\\Voyager\\Policies\\UserPolicy', 'TCG\\Voyager\\Http\\Controllers\\VoyagerUserController', NULL, 1, 0, '{\"order_column\":null,\"order_display_column\":null,\"order_direction\":\"desc\",\"default_search_key\":null,\"scope\":null}', '2022-07-23 07:43:51', '2022-11-27 04:19:18'),
(2, 'menus', 'menus', 'Menu', 'Menus', 'voyager-list', 'TCG\\Voyager\\Models\\Menu', NULL, '', '', 1, 0, NULL, '2022-07-23 07:43:51', '2022-07-23 07:43:51'),
(3, 'roles', 'roles', 'Role', 'Roles', 'voyager-lock', 'TCG\\Voyager\\Models\\Role', NULL, 'TCG\\Voyager\\Http\\Controllers\\VoyagerRoleController', '', 1, 0, NULL, '2022-07-23 07:43:51', '2022-07-23 07:43:51'),
(4, 'categories', 'categories', 'Category', 'Categories', 'voyager-categories', 'TCG\\Voyager\\Models\\Category', NULL, NULL, NULL, 1, 0, '{\"order_column\":null,\"order_display_column\":null,\"order_direction\":\"desc\",\"default_search_key\":null,\"scope\":null}', '2022-07-23 07:43:51', '2022-10-29 04:09:02'),
(5, 'posts', 'posts', 'Post', 'Posts', 'voyager-news', 'TCG\\Voyager\\Models\\Post', 'TCG\\Voyager\\Policies\\PostPolicy', '', '', 1, 0, NULL, '2022-07-23 07:43:52', '2022-07-23 07:43:52'),
(6, 'pages', 'pages', 'Page', 'Pages', 'voyager-file-text', 'TCG\\Voyager\\Models\\Page', NULL, '', '', 1, 0, NULL, '2022-07-23 07:43:52', '2022-07-23 07:43:52'),
(30, 'empresas', 'empresas', 'Empresa', 'Empresas', 'voyager-wineglass', 'App\\Models\\Empresa', NULL, NULL, NULL, 1, 0, '{\"order_column\":null,\"order_display_column\":null,\"order_direction\":\"asc\",\"default_search_key\":null,\"scope\":\"usuario\"}', '2022-09-23 01:08:05', '2022-11-27 04:37:48'),
(31, 'produtos', 'produtos', 'Produto', 'Produtos', 'voyager-hotdog', 'App\\Models\\Produto', NULL, NULL, NULL, 1, 0, '{\"order_column\":null,\"order_display_column\":null,\"order_direction\":\"asc\",\"default_search_key\":null,\"scope\":\"usuario\"}', '2022-09-23 01:08:36', '2022-11-27 04:38:11'),
(36, 'categoria_produtos', 'categoria-produtos', 'Categoria Produto', 'Categoria Produtos', 'voyager-list', 'App\\Models\\CategoriaProduto', NULL, NULL, NULL, 1, 0, '{\"order_column\":null,\"order_display_column\":null,\"order_direction\":\"asc\",\"default_search_key\":null,\"scope\":null}', '2022-10-29 04:23:37', '2022-10-29 04:28:30'),
(37, 'categoria_empresas', 'categoria-empresas', 'Categoria Empresa', 'Categoria Empresas', 'voyager-list-add', 'App\\Models\\CategoriaEmpresa', NULL, NULL, NULL, 1, 0, '{\"order_column\":null,\"order_display_column\":null,\"order_direction\":\"asc\",\"default_search_key\":null,\"scope\":null}', '2022-10-29 04:30:17', '2022-10-29 04:31:07'),
(39, 'estados', 'estados', 'Estado', 'Estados', 'voyager-compass', 'App\\Models\\Estado', NULL, NULL, NULL, 1, 0, '{\"order_column\":null,\"order_display_column\":null,\"order_direction\":\"asc\",\"default_search_key\":null}', '2022-11-10 03:37:22', '2022-11-10 03:37:22'),
(40, 'cidades', 'cidades', 'Cidade', 'Cidades', 'voyager-location', 'App\\Models\\Cidade', NULL, NULL, NULL, 1, 0, '{\"order_column\":null,\"order_display_column\":null,\"order_direction\":\"asc\",\"default_search_key\":null,\"scope\":null}', '2022-11-10 03:38:01', '2022-11-10 03:38:54');

-- --------------------------------------------------------

--
-- Estrutura da tabela `empresas`
--

CREATE TABLE `empresas` (
  `id` int(10) UNSIGNED NOT NULL,
  `nome` text COLLATE utf8mb4_unicode_ci NOT NULL,
  `created_at` timestamp NULL DEFAULT NULL,
  `updated_at` timestamp NULL DEFAULT NULL,
  `email` varchar(255) COLLATE utf8mb4_unicode_ci NOT NULL,
  `cnpj` varchar(14) COLLATE utf8mb4_unicode_ci NOT NULL,
  `cpf` varchar(11) COLLATE utf8mb4_unicode_ci NOT NULL,
  `endereco` text COLLATE utf8mb4_unicode_ci NOT NULL,
  `telefone` varchar(255) COLLATE utf8mb4_unicode_ci NOT NULL,
  `foto` blob NOT NULL,
  `logo` blob NOT NULL,
  `categoria_empresa` int(10) UNSIGNED NOT NULL,
  `avaliacao` int(11) DEFAULT NULL,
  `descricao` text COLLATE utf8mb4_unicode_ci NOT NULL,
  `cidade_id` int(10) UNSIGNED NOT NULL,
  `whatsapp` text COLLATE utf8mb4_unicode_ci DEFAULT NULL,
  `facebook` text COLLATE utf8mb4_unicode_ci DEFAULT NULL,
  `instagram` text COLLATE utf8mb4_unicode_ci DEFAULT NULL,
  `twitter` text COLLATE utf8mb4_unicode_ci DEFAULT NULL,
  `user_id` int(11) DEFAULT NULL
) ENGINE=InnoDB DEFAULT CHARSET=utf8mb4 COLLATE=utf8mb4_unicode_ci;

--
-- Extraindo dados da tabela `empresas`
--

INSERT INTO `empresas` (`id`, `nome`, `created_at`, `updated_at`, `email`, `cnpj`, `cpf`, `endereco`, `telefone`, `foto`, `logo`, `categoria_empresa`, `avaliacao`, `descricao`, `cidade_id`, `whatsapp`, `facebook`, `instagram`, `twitter`, `user_id`) VALUES
(7, 'Casa do Peixe', '2022-10-09 23:46:00', '2022-11-22 02:49:24', 'casadopeixe@gmail.com', '03.926.0630001', '0000000000', 'R. Ari Coelho de Oliveira, 691 - Jardim, MS, 79240-000', '(67) 99815-6242', 0x656d7072657361735c4f63746f626572323032325c38676a37546b6e4a6f42346265746577326845652e6a7067, 0x656d7072657361735c4f63746f626572323032325c4f494d6f575079474c786b5a7a62683046355a442e6a7067, 1, NULL, 'melhores pratos e sobremesas de Jardim', 1, NULL, NULL, NULL, NULL, 1),
(8, 'Marquinhos lanches', '2022-11-12 06:36:00', '2022-11-22 02:49:12', 'restaurante@gmail.com', '75u57', '12345678910', 'Rua Dr. Ary Coelho de Oliveira 691 (Centro), Jardim, MS, 79240-000', '+556799993838', 0x656d7072657361735c4e6f76656d626572323032325c72563737616c3366476a765635365063575a6f712e6a7067, 0x656d7072657361735c4e6f76656d626572323032325c75516869416e6c78386942796c495162586a47392e6a7067, 1, NULL, 'vvndfvi.\r\ndvfvnfvfvfninooooooII', 1, NULL, NULL, NULL, NULL, 5),
(9, 'empresas joao 3', '2022-11-27 04:39:46', '2022-11-27 04:39:46', 'joao_empresario3@gmail.com', '03.926.0630001', '0000000000', 'R. Ari Coelho de Oliveira, 691 - Jardim, MS, 79240-000', '(67) 99815-6242', 0x656d7072657361735c4e6f76656d626572323032325c69557a78533739456147306b4e737162754b4b672e6a7067, 0x656d7072657361735c4e6f76656d626572323032325c714361724c3143666c7650486d72336d444a586d2e6a706567, 1, NULL, 'ccfvvff', 1, NULL, NULL, NULL, NULL, 6);

-- --------------------------------------------------------

--
-- Estrutura da tabela `estados`
--

CREATE TABLE `estados` (
  `id` int(10) UNSIGNED NOT NULL,
  `nome` text COLLATE utf8mb4_unicode_ci NOT NULL,
  `created_at` timestamp NULL DEFAULT NULL,
  `updated_at` timestamp NULL DEFAULT NULL
) ENGINE=InnoDB DEFAULT CHARSET=utf8mb4 COLLATE=utf8mb4_unicode_ci;

--
-- Extraindo dados da tabela `estados`
--

INSERT INTO `estados` (`id`, `nome`, `created_at`, `updated_at`) VALUES
(1, 'Mato Grosso do sul', '2022-11-10 03:39:14', '2022-11-10 03:39:14'),
(2, 'Rio de Janeiro', '2022-11-10 03:39:31', '2022-11-10 03:39:31');

-- --------------------------------------------------------

--
-- Estrutura da tabela `failed_jobs`
--

CREATE TABLE `failed_jobs` (
  `id` bigint(20) UNSIGNED NOT NULL,
  `uuid` varchar(255) COLLATE utf8mb4_unicode_ci NOT NULL,
  `connection` text COLLATE utf8mb4_unicode_ci NOT NULL,
  `queue` text COLLATE utf8mb4_unicode_ci NOT NULL,
  `payload` longtext COLLATE utf8mb4_unicode_ci NOT NULL,
  `exception` longtext COLLATE utf8mb4_unicode_ci NOT NULL,
  `failed_at` timestamp NOT NULL DEFAULT current_timestamp()
) ENGINE=InnoDB DEFAULT CHARSET=utf8mb4 COLLATE=utf8mb4_unicode_ci;

-- --------------------------------------------------------

--
-- Estrutura da tabela `menus`
--

CREATE TABLE `menus` (
  `id` int(10) UNSIGNED NOT NULL,
  `name` varchar(255) COLLATE utf8mb4_unicode_ci NOT NULL,
  `created_at` timestamp NULL DEFAULT NULL,
  `updated_at` timestamp NULL DEFAULT NULL
) ENGINE=InnoDB DEFAULT CHARSET=utf8mb4 COLLATE=utf8mb4_unicode_ci;

--
-- Extraindo dados da tabela `menus`
--

INSERT INTO `menus` (`id`, `name`, `created_at`, `updated_at`) VALUES
(1, 'admin', '2022-07-23 07:43:51', '2022-07-23 07:43:51');

-- --------------------------------------------------------

--
-- Estrutura da tabela `menu_items`
--

CREATE TABLE `menu_items` (
  `id` int(10) UNSIGNED NOT NULL,
  `menu_id` int(10) UNSIGNED DEFAULT NULL,
  `title` varchar(255) COLLATE utf8mb4_unicode_ci NOT NULL,
  `url` varchar(255) COLLATE utf8mb4_unicode_ci NOT NULL,
  `target` varchar(255) COLLATE utf8mb4_unicode_ci NOT NULL DEFAULT '_self',
  `icon_class` varchar(255) COLLATE utf8mb4_unicode_ci DEFAULT NULL,
  `color` varchar(255) COLLATE utf8mb4_unicode_ci DEFAULT NULL,
  `parent_id` int(11) DEFAULT NULL,
  `order` int(11) NOT NULL,
  `created_at` timestamp NULL DEFAULT NULL,
  `updated_at` timestamp NULL DEFAULT NULL,
  `route` varchar(255) COLLATE utf8mb4_unicode_ci DEFAULT NULL,
  `parameters` text COLLATE utf8mb4_unicode_ci DEFAULT NULL
) ENGINE=InnoDB DEFAULT CHARSET=utf8mb4 COLLATE=utf8mb4_unicode_ci;

--
-- Extraindo dados da tabela `menu_items`
--

INSERT INTO `menu_items` (`id`, `menu_id`, `title`, `url`, `target`, `icon_class`, `color`, `parent_id`, `order`, `created_at`, `updated_at`, `route`, `parameters`) VALUES
(1, 1, 'Dashboard', '', '_self', 'voyager-boat', NULL, NULL, 1, '2022-07-23 07:43:51', '2022-07-23 07:43:51', 'voyager.dashboard', NULL),
(2, 1, 'Media', '', '_self', 'voyager-images', NULL, NULL, 4, '2022-07-23 07:43:51', '2022-10-09 23:23:18', 'voyager.media.index', NULL),
(3, 1, 'Users', '', '_self', 'voyager-person', NULL, NULL, 3, '2022-07-23 07:43:51', '2022-07-23 07:43:51', 'voyager.users.index', NULL),
(4, 1, 'Roles', '', '_self', 'voyager-lock', NULL, NULL, 2, '2022-07-23 07:43:51', '2022-07-23 07:43:51', 'voyager.roles.index', NULL),
(5, 1, 'Tools', '', '_self', 'voyager-tools', NULL, NULL, 8, '2022-07-23 07:43:51', '2022-10-09 23:23:18', NULL, NULL),
(6, 1, 'Menu Builder', '', '_self', 'voyager-list', NULL, 5, 1, '2022-07-23 07:43:51', '2022-10-09 23:23:18', 'voyager.menus.index', NULL),
(7, 1, 'Database', '', '_self', 'voyager-data', NULL, 5, 2, '2022-07-23 07:43:51', '2022-10-09 23:23:18', 'voyager.database.index', NULL),
(8, 1, 'Compass', '', '_self', 'voyager-compass', NULL, 5, 3, '2022-07-23 07:43:51', '2022-10-09 23:23:18', 'voyager.compass.index', NULL),
(9, 1, 'BREAD', '', '_self', 'voyager-bread', NULL, 5, 4, '2022-07-23 07:43:51', '2022-10-09 23:23:18', 'voyager.bread.index', NULL),
(10, 1, 'Settings', '', '_self', 'voyager-settings', NULL, NULL, 9, '2022-07-23 07:43:51', '2022-10-09 23:23:18', 'voyager.settings.index', NULL),
(11, 1, 'Categories', '', '_self', 'voyager-categories', NULL, NULL, 7, '2022-07-23 07:43:51', '2022-10-09 23:23:18', 'voyager.categories.index', NULL),
(12, 1, 'Posts', '', '_self', 'voyager-news', NULL, NULL, 5, '2022-07-23 07:43:52', '2022-10-09 23:23:18', 'voyager.posts.index', NULL),
(13, 1, 'Pages', '', '_self', 'voyager-file-text', NULL, NULL, 6, '2022-07-23 07:43:52', '2022-10-09 23:23:18', 'voyager.pages.index', NULL),
(25, 1, 'Empresas', '', '_self', 'voyager-wineglass', '#000000', NULL, 11, '2022-09-23 01:08:05', '2022-11-10 03:32:44', 'voyager.empresas.index', 'null'),
(26, 1, 'Produtos', '', '_self', 'voyager-hotdog', '#000000', NULL, 10, '2022-09-23 01:08:36', '2022-11-10 03:32:10', 'voyager.produtos.index', 'null'),
(31, 1, 'Categoria Produtos', '', '_self', 'voyager-list', NULL, NULL, 12, '2022-10-29 04:23:37', '2022-11-10 03:33:03', 'voyager.categoria-produtos.index', NULL),
(32, 1, 'Categoria Empresas', '', '_self', 'voyager-list-add', NULL, NULL, 13, '2022-10-29 04:30:17', '2022-11-10 03:41:26', 'voyager.categoria-empresas.index', NULL),
(34, 1, 'Estados', '', '_self', 'voyager-compass', NULL, NULL, 15, '2022-11-10 03:37:22', '2022-11-10 03:41:26', 'voyager.estados.index', NULL),
(35, 1, 'Cidades', '', '_self', 'voyager-location', NULL, NULL, 16, '2022-11-10 03:38:01', '2022-11-10 03:41:26', 'voyager.cidades.index', NULL);

-- --------------------------------------------------------

--
-- Estrutura da tabela `migrations`
--

CREATE TABLE `migrations` (
  `id` int(10) UNSIGNED NOT NULL,
  `migration` varchar(255) COLLATE utf8mb4_unicode_ci NOT NULL,
  `batch` int(11) NOT NULL
) ENGINE=InnoDB DEFAULT CHARSET=utf8mb4 COLLATE=utf8mb4_unicode_ci;

--
-- Extraindo dados da tabela `migrations`
--

INSERT INTO `migrations` (`id`, `migration`, `batch`) VALUES
(1, '2014_10_12_000000_create_users_table', 1),
(2, '2014_10_12_100000_create_password_resets_table', 1),
(3, '2016_01_01_000000_add_voyager_user_fields', 1),
(4, '2016_01_01_000000_create_data_types_table', 1),
(5, '2016_05_19_173453_create_menu_table', 1),
(6, '2016_10_21_190000_create_roles_table', 1),
(7, '2016_10_21_190000_create_settings_table', 1),
(8, '2016_11_30_135954_create_permission_table', 1),
(9, '2016_11_30_141208_create_permission_role_table', 1),
(10, '2016_12_26_201236_data_types__add__server_side', 1),
(11, '2017_01_13_000000_add_route_to_menu_items_table', 1),
(12, '2017_01_14_005015_create_translations_table', 1),
(13, '2017_01_15_000000_make_table_name_nullable_in_permissions_table', 1),
(14, '2017_03_06_000000_add_controller_to_data_types_table', 1),
(15, '2017_04_21_000000_add_order_to_data_rows_table', 1),
(16, '2017_07_05_210000_add_policyname_to_data_types_table', 1),
(17, '2017_08_05_000000_add_group_to_settings_table', 1),
(18, '2017_11_26_013050_add_user_role_relationship', 1),
(19, '2017_11_26_015000_create_user_roles_table', 1),
(20, '2018_03_11_000000_add_user_settings', 1),
(21, '2018_03_14_000000_add_details_to_data_types_table', 1),
(22, '2018_03_16_000000_make_settings_value_nullable', 1),
(23, '2019_08_19_000000_create_failed_jobs_table', 1),
(24, '2019_12_14_000001_create_personal_access_tokens_table', 1),
(25, '2016_01_01_000000_create_pages_table', 2),
(26, '2016_01_01_000000_create_posts_table', 2),
(27, '2016_02_15_204651_create_categories_table', 2),
(28, '2017_04_11_000000_alter_post_nullable_fields_table', 2),
(29, '2014_10_12_200000_add_two_factor_columns_to_users_table', 3);

-- --------------------------------------------------------

--
-- Estrutura da tabela `pages`
--

CREATE TABLE `pages` (
  `id` int(10) UNSIGNED NOT NULL,
  `author_id` int(11) NOT NULL,
  `title` varchar(255) COLLATE utf8mb4_unicode_ci NOT NULL,
  `excerpt` text COLLATE utf8mb4_unicode_ci DEFAULT NULL,
  `body` text COLLATE utf8mb4_unicode_ci DEFAULT NULL,
  `image` varchar(255) COLLATE utf8mb4_unicode_ci DEFAULT NULL,
  `slug` varchar(255) COLLATE utf8mb4_unicode_ci NOT NULL,
  `meta_description` text COLLATE utf8mb4_unicode_ci DEFAULT NULL,
  `meta_keywords` text COLLATE utf8mb4_unicode_ci DEFAULT NULL,
  `status` enum('ACTIVE','INACTIVE') COLLATE utf8mb4_unicode_ci NOT NULL DEFAULT 'INACTIVE',
  `created_at` timestamp NULL DEFAULT NULL,
  `updated_at` timestamp NULL DEFAULT NULL
) ENGINE=InnoDB DEFAULT CHARSET=utf8mb4 COLLATE=utf8mb4_unicode_ci;

--
-- Extraindo dados da tabela `pages`
--

INSERT INTO `pages` (`id`, `author_id`, `title`, `excerpt`, `body`, `image`, `slug`, `meta_description`, `meta_keywords`, `status`, `created_at`, `updated_at`) VALUES
(1, 0, 'Hello World', 'Hang the jib grog grog blossom grapple dance the hempen jig gangway pressgang bilge rat to go on account lugger. Nelsons folly gabion line draught scallywag fire ship gaff fluke fathom case shot. Sea Legs bilge rat sloop matey gabion long clothes run a shot across the bow Gold Road cog league.', '<p>Hello World. Scallywag grog swab Cat o\'nine tails scuttle rigging hardtack cable nipper Yellow Jack. Handsomely spirits knave lad killick landlubber or just lubber deadlights chantey pinnace crack Jennys tea cup. Provost long clothes black spot Yellow Jack bilged on her anchor league lateen sail case shot lee tackle.</p>\n<p>Ballast spirits fluke topmast me quarterdeck schooner landlubber or just lubber gabion belaying pin. Pinnace stern galleon starboard warp carouser to go on account dance the hempen jig jolly boat measured fer yer chains. Man-of-war fire in the hole nipperkin handsomely doubloon barkadeer Brethren of the Coast gibbet driver squiffy.</p>', 'pages/page1.jpg', 'hello-world', 'Yar Meta Description', 'Keyword1, Keyword2', 'ACTIVE', '2022-07-23 07:43:52', '2022-07-23 07:43:52');

-- --------------------------------------------------------

--
-- Estrutura da tabela `password_resets`
--

CREATE TABLE `password_resets` (
  `email` varchar(255) COLLATE utf8mb4_unicode_ci NOT NULL,
  `token` varchar(255) COLLATE utf8mb4_unicode_ci NOT NULL,
  `created_at` timestamp NULL DEFAULT NULL
) ENGINE=InnoDB DEFAULT CHARSET=utf8mb4 COLLATE=utf8mb4_unicode_ci;

-- --------------------------------------------------------

--
-- Estrutura da tabela `pedidos`
--

CREATE TABLE `pedidos` (
  `id` int(10) UNSIGNED NOT NULL,
  `nome` text COLLATE utf8mb4_unicode_ci DEFAULT NULL,
  `created_at` timestamp NULL DEFAULT NULL,
  `updated_at` timestamp NULL DEFAULT NULL,
  `quantidade` text COLLATE utf8mb4_unicode_ci NOT NULL,
  `preco` text COLLATE utf8mb4_unicode_ci NOT NULL,
  `soma` text COLLATE utf8mb4_unicode_ci NOT NULL,
  `produto` text COLLATE utf8mb4_unicode_ci NOT NULL,
  `qr_code` text COLLATE utf8mb4_unicode_ci DEFAULT NULL
) ENGINE=InnoDB DEFAULT CHARSET=utf8mb4 COLLATE=utf8mb4_unicode_ci;

--
-- Extraindo dados da tabela `pedidos`
--

INSERT INTO `pedidos` (`id`, `nome`, `created_at`, `updated_at`, `quantidade`, `preco`, `soma`, `produto`, `qr_code`) VALUES
(1, 'Bolo', '2022-08-31 15:37:27', '2022-08-31 15:37:27', '2', '100', '200', 'Doce', NULL),
(2, 'queijo', '2022-08-31 21:11:03', '2022-08-31 21:11:03', '10', '10', '100', 'ded', NULL);

-- --------------------------------------------------------

--
-- Estrutura da tabela `permissions`
--

CREATE TABLE `permissions` (
  `id` bigint(20) UNSIGNED NOT NULL,
  `key` varchar(255) COLLATE utf8mb4_unicode_ci NOT NULL,
  `table_name` varchar(255) COLLATE utf8mb4_unicode_ci DEFAULT NULL,
  `created_at` timestamp NULL DEFAULT NULL,
  `updated_at` timestamp NULL DEFAULT NULL
) ENGINE=InnoDB DEFAULT CHARSET=utf8mb4 COLLATE=utf8mb4_unicode_ci;

--
-- Extraindo dados da tabela `permissions`
--

INSERT INTO `permissions` (`id`, `key`, `table_name`, `created_at`, `updated_at`) VALUES
(1, 'browse_admin', NULL, '2022-07-23 07:43:51', '2022-07-23 07:43:51'),
(2, 'browse_bread', NULL, '2022-07-23 07:43:51', '2022-07-23 07:43:51'),
(3, 'browse_database', NULL, '2022-07-23 07:43:51', '2022-07-23 07:43:51'),
(4, 'browse_media', NULL, '2022-07-23 07:43:51', '2022-07-23 07:43:51'),
(5, 'browse_compass', NULL, '2022-07-23 07:43:51', '2022-07-23 07:43:51'),
(6, 'browse_menus', 'menus', '2022-07-23 07:43:51', '2022-07-23 07:43:51'),
(7, 'read_menus', 'menus', '2022-07-23 07:43:51', '2022-07-23 07:43:51'),
(8, 'edit_menus', 'menus', '2022-07-23 07:43:51', '2022-07-23 07:43:51'),
(9, 'add_menus', 'menus', '2022-07-23 07:43:51', '2022-07-23 07:43:51'),
(10, 'delete_menus', 'menus', '2022-07-23 07:43:51', '2022-07-23 07:43:51'),
(11, 'browse_roles', 'roles', '2022-07-23 07:43:51', '2022-07-23 07:43:51'),
(12, 'read_roles', 'roles', '2022-07-23 07:43:51', '2022-07-23 07:43:51'),
(13, 'edit_roles', 'roles', '2022-07-23 07:43:51', '2022-07-23 07:43:51'),
(14, 'add_roles', 'roles', '2022-07-23 07:43:51', '2022-07-23 07:43:51'),
(15, 'delete_roles', 'roles', '2022-07-23 07:43:51', '2022-07-23 07:43:51'),
(16, 'browse_users', 'users', '2022-07-23 07:43:51', '2022-07-23 07:43:51'),
(17, 'read_users', 'users', '2022-07-23 07:43:51', '2022-07-23 07:43:51'),
(18, 'edit_users', 'users', '2022-07-23 07:43:51', '2022-07-23 07:43:51'),
(19, 'add_users', 'users', '2022-07-23 07:43:51', '2022-07-23 07:43:51'),
(20, 'delete_users', 'users', '2022-07-23 07:43:51', '2022-07-23 07:43:51'),
(21, 'browse_settings', 'settings', '2022-07-23 07:43:51', '2022-07-23 07:43:51'),
(22, 'read_settings', 'settings', '2022-07-23 07:43:51', '2022-07-23 07:43:51'),
(23, 'edit_settings', 'settings', '2022-07-23 07:43:51', '2022-07-23 07:43:51'),
(24, 'add_settings', 'settings', '2022-07-23 07:43:51', '2022-07-23 07:43:51'),
(25, 'delete_settings', 'settings', '2022-07-23 07:43:51', '2022-07-23 07:43:51'),
(26, 'browse_categories', 'categories', '2022-07-23 07:43:51', '2022-07-23 07:43:51'),
(27, 'read_categories', 'categories', '2022-07-23 07:43:51', '2022-07-23 07:43:51'),
(28, 'edit_categories', 'categories', '2022-07-23 07:43:51', '2022-07-23 07:43:51'),
(29, 'add_categories', 'categories', '2022-07-23 07:43:51', '2022-07-23 07:43:51'),
(30, 'delete_categories', 'categories', '2022-07-23 07:43:51', '2022-07-23 07:43:51'),
(31, 'browse_posts', 'posts', '2022-07-23 07:43:52', '2022-07-23 07:43:52'),
(32, 'read_posts', 'posts', '2022-07-23 07:43:52', '2022-07-23 07:43:52'),
(33, 'edit_posts', 'posts', '2022-07-23 07:43:52', '2022-07-23 07:43:52'),
(34, 'add_posts', 'posts', '2022-07-23 07:43:52', '2022-07-23 07:43:52'),
(35, 'delete_posts', 'posts', '2022-07-23 07:43:52', '2022-07-23 07:43:52'),
(36, 'browse_pages', 'pages', '2022-07-23 07:43:52', '2022-07-23 07:43:52'),
(37, 'read_pages', 'pages', '2022-07-23 07:43:52', '2022-07-23 07:43:52'),
(38, 'edit_pages', 'pages', '2022-07-23 07:43:52', '2022-07-23 07:43:52'),
(39, 'add_pages', 'pages', '2022-07-23 07:43:52', '2022-07-23 07:43:52'),
(40, 'delete_pages', 'pages', '2022-07-23 07:43:52', '2022-07-23 07:43:52'),
(71, 'browse_pedido', 'pedido', '2022-08-27 05:05:54', '2022-08-27 05:05:54'),
(72, 'read_pedido', 'pedido', '2022-08-27 05:05:54', '2022-08-27 05:05:54'),
(73, 'edit_pedido', 'pedido', '2022-08-27 05:05:54', '2022-08-27 05:05:54'),
(74, 'add_pedido', 'pedido', '2022-08-27 05:05:54', '2022-08-27 05:05:54'),
(75, 'delete_pedido', 'pedido', '2022-08-27 05:05:54', '2022-08-27 05:05:54'),
(96, 'browse_empresas', 'empresas', '2022-09-23 01:08:05', '2022-09-23 01:08:05'),
(97, 'read_empresas', 'empresas', '2022-09-23 01:08:05', '2022-09-23 01:08:05'),
(98, 'edit_empresas', 'empresas', '2022-09-23 01:08:05', '2022-09-23 01:08:05'),
(99, 'add_empresas', 'empresas', '2022-09-23 01:08:05', '2022-09-23 01:08:05'),
(100, 'delete_empresas', 'empresas', '2022-09-23 01:08:05', '2022-09-23 01:08:05'),
(101, 'browse_produtos', 'produtos', '2022-09-23 01:08:36', '2022-09-23 01:08:36'),
(102, 'read_produtos', 'produtos', '2022-09-23 01:08:36', '2022-09-23 01:08:36'),
(103, 'edit_produtos', 'produtos', '2022-09-23 01:08:36', '2022-09-23 01:08:36'),
(104, 'add_produtos', 'produtos', '2022-09-23 01:08:36', '2022-09-23 01:08:36'),
(105, 'delete_produtos', 'produtos', '2022-09-23 01:08:36', '2022-09-23 01:08:36'),
(126, 'browse_categoria_produtos', 'categoria_produtos', '2022-10-29 04:23:37', '2022-10-29 04:23:37'),
(127, 'read_categoria_produtos', 'categoria_produtos', '2022-10-29 04:23:37', '2022-10-29 04:23:37'),
(128, 'edit_categoria_produtos', 'categoria_produtos', '2022-10-29 04:23:37', '2022-10-29 04:23:37'),
(129, 'add_categoria_produtos', 'categoria_produtos', '2022-10-29 04:23:37', '2022-10-29 04:23:37'),
(130, 'delete_categoria_produtos', 'categoria_produtos', '2022-10-29 04:23:37', '2022-10-29 04:23:37'),
(131, 'browse_categoria_empresas', 'categoria_empresas', '2022-10-29 04:30:17', '2022-10-29 04:30:17'),
(132, 'read_categoria_empresas', 'categoria_empresas', '2022-10-29 04:30:17', '2022-10-29 04:30:17'),
(133, 'edit_categoria_empresas', 'categoria_empresas', '2022-10-29 04:30:17', '2022-10-29 04:30:17'),
(134, 'add_categoria_empresas', 'categoria_empresas', '2022-10-29 04:30:17', '2022-10-29 04:30:17'),
(135, 'delete_categoria_empresas', 'categoria_empresas', '2022-10-29 04:30:17', '2022-10-29 04:30:17'),
(141, 'browse_estados', 'estados', '2022-11-10 03:37:22', '2022-11-10 03:37:22'),
(142, 'read_estados', 'estados', '2022-11-10 03:37:22', '2022-11-10 03:37:22'),
(143, 'edit_estados', 'estados', '2022-11-10 03:37:22', '2022-11-10 03:37:22'),
(144, 'add_estados', 'estados', '2022-11-10 03:37:22', '2022-11-10 03:37:22'),
(145, 'delete_estados', 'estados', '2022-11-10 03:37:22', '2022-11-10 03:37:22'),
(146, 'browse_cidades', 'cidades', '2022-11-10 03:38:01', '2022-11-10 03:38:01'),
(147, 'read_cidades', 'cidades', '2022-11-10 03:38:01', '2022-11-10 03:38:01'),
(148, 'edit_cidades', 'cidades', '2022-11-10 03:38:01', '2022-11-10 03:38:01'),
(149, 'add_cidades', 'cidades', '2022-11-10 03:38:01', '2022-11-10 03:38:01'),
(150, 'delete_cidades', 'cidades', '2022-11-10 03:38:01', '2022-11-10 03:38:01');

-- --------------------------------------------------------

--
-- Estrutura da tabela `permission_role`
--

CREATE TABLE `permission_role` (
  `permission_id` bigint(20) UNSIGNED NOT NULL,
  `role_id` bigint(20) UNSIGNED NOT NULL
) ENGINE=InnoDB DEFAULT CHARSET=utf8mb4 COLLATE=utf8mb4_unicode_ci;

--
-- Extraindo dados da tabela `permission_role`
--

INSERT INTO `permission_role` (`permission_id`, `role_id`) VALUES
(1, 1),
(1, 2),
(1, 3),
(2, 1),
(3, 1),
(4, 1),
(5, 1),
(6, 1),
(7, 1),
(8, 1),
(9, 1),
(10, 1),
(11, 1),
(12, 1),
(13, 1),
(14, 1),
(15, 1),
(16, 1),
(17, 1),
(18, 1),
(19, 1),
(20, 1),
(21, 1),
(22, 1),
(23, 1),
(24, 1),
(25, 1),
(26, 1),
(27, 1),
(28, 1),
(29, 1),
(30, 1),
(31, 1),
(32, 1),
(33, 1),
(34, 1),
(35, 1),
(36, 1),
(37, 1),
(38, 1),
(39, 1),
(40, 1),
(71, 1),
(72, 1),
(73, 1),
(74, 1),
(75, 1),
(96, 1),
(96, 3),
(97, 1),
(97, 3),
(98, 1),
(98, 3),
(99, 1),
(99, 3),
(100, 1),
(100, 3),
(101, 1),
(101, 3),
(102, 1),
(102, 3),
(103, 1),
(103, 3),
(104, 1),
(104, 3),
(105, 1),
(105, 3),
(126, 1),
(126, 3),
(127, 1),
(127, 3),
(128, 1),
(129, 1),
(130, 1),
(131, 1),
(131, 3),
(132, 1),
(132, 3),
(133, 1),
(134, 1),
(135, 1),
(141, 1),
(142, 1),
(143, 1),
(144, 1),
(145, 1),
(146, 1),
(147, 1),
(148, 1),
(149, 1),
(150, 1);

-- --------------------------------------------------------

--
-- Estrutura da tabela `personal_access_tokens`
--

CREATE TABLE `personal_access_tokens` (
  `id` bigint(20) UNSIGNED NOT NULL,
  `tokenable_type` varchar(255) COLLATE utf8mb4_unicode_ci NOT NULL,
  `tokenable_id` bigint(20) UNSIGNED NOT NULL,
  `name` varchar(255) COLLATE utf8mb4_unicode_ci NOT NULL,
  `token` varchar(64) COLLATE utf8mb4_unicode_ci NOT NULL,
  `abilities` text COLLATE utf8mb4_unicode_ci DEFAULT NULL,
  `last_used_at` timestamp NULL DEFAULT NULL,
  `created_at` timestamp NULL DEFAULT NULL,
  `updated_at` timestamp NULL DEFAULT NULL
) ENGINE=InnoDB DEFAULT CHARSET=utf8mb4 COLLATE=utf8mb4_unicode_ci;

-- --------------------------------------------------------

--
-- Estrutura da tabela `posts`
--

CREATE TABLE `posts` (
  `id` int(10) UNSIGNED NOT NULL,
  `author_id` int(11) NOT NULL,
  `category_id` int(11) DEFAULT NULL,
  `title` varchar(255) COLLATE utf8mb4_unicode_ci NOT NULL,
  `seo_title` varchar(255) COLLATE utf8mb4_unicode_ci DEFAULT NULL,
  `excerpt` text COLLATE utf8mb4_unicode_ci DEFAULT NULL,
  `body` text COLLATE utf8mb4_unicode_ci NOT NULL,
  `image` varchar(255) COLLATE utf8mb4_unicode_ci DEFAULT NULL,
  `slug` varchar(255) COLLATE utf8mb4_unicode_ci NOT NULL,
  `meta_description` text COLLATE utf8mb4_unicode_ci DEFAULT NULL,
  `meta_keywords` text COLLATE utf8mb4_unicode_ci DEFAULT NULL,
  `status` enum('PUBLISHED','DRAFT','PENDING') COLLATE utf8mb4_unicode_ci NOT NULL DEFAULT 'DRAFT',
  `featured` tinyint(1) NOT NULL DEFAULT 0,
  `created_at` timestamp NULL DEFAULT NULL,
  `updated_at` timestamp NULL DEFAULT NULL
) ENGINE=InnoDB DEFAULT CHARSET=utf8mb4 COLLATE=utf8mb4_unicode_ci;

--
-- Extraindo dados da tabela `posts`
--

INSERT INTO `posts` (`id`, `author_id`, `category_id`, `title`, `seo_title`, `excerpt`, `body`, `image`, `slug`, `meta_description`, `meta_keywords`, `status`, `featured`, `created_at`, `updated_at`) VALUES
(1, 0, NULL, 'Lorem Ipsum Post', NULL, 'This is the excerpt for the Lorem Ipsum Post', '<p>This is the body of the lorem ipsum post</p>', 'posts/post1.jpg', 'lorem-ipsum-post', 'This is the meta description', 'keyword1, keyword2, keyword3', 'PUBLISHED', 0, '2022-07-23 07:43:52', '2022-07-23 07:43:52'),
(2, 0, NULL, 'My Sample Post', NULL, 'This is the excerpt for the sample Post', '<p>This is the body for the sample post, which includes the body.</p>\n                <h2>We can use all kinds of format!</h2>\n                <p>And include a bunch of other stuff.</p>', 'posts/post2.jpg', 'my-sample-post', 'Meta Description for sample post', 'keyword1, keyword2, keyword3', 'PUBLISHED', 0, '2022-07-23 07:43:52', '2022-07-23 07:43:52'),
(3, 0, NULL, 'Latest Post', NULL, 'This is the excerpt for the latest post', '<p>This is the body for the latest post</p>', 'posts/post3.jpg', 'latest-post', 'This is the meta description', 'keyword1, keyword2, keyword3', 'PUBLISHED', 0, '2022-07-23 07:43:52', '2022-07-23 07:43:52'),
(4, 0, NULL, 'Yarr Post', NULL, 'Reef sails nipperkin bring a spring upon her cable coffer jury mast spike marooned Pieces of Eight poop deck pillage. Clipper driver coxswain galleon hempen halter come about pressgang gangplank boatswain swing the lead. Nipperkin yard skysail swab lanyard Blimey bilge water ho quarter Buccaneer.', '<p>Swab deadlights Buccaneer fire ship square-rigged dance the hempen jig weigh anchor cackle fruit grog furl. Crack Jennys tea cup chase guns pressgang hearties spirits hogshead Gold Road six pounders fathom measured fer yer chains. Main sheet provost come about trysail barkadeer crimp scuttle mizzenmast brig plunder.</p>\n<p>Mizzen league keelhaul galleon tender cog chase Barbary Coast doubloon crack Jennys tea cup. Blow the man down lugsail fire ship pinnace cackle fruit line warp Admiral of the Black strike colors doubloon. Tackle Jack Ketch come about crimp rum draft scuppers run a shot across the bow haul wind maroon.</p>\n<p>Interloper heave down list driver pressgang holystone scuppers tackle scallywag bilged on her anchor. Jack Tar interloper draught grapple mizzenmast hulk knave cable transom hogshead. Gaff pillage to go on account grog aft chase guns piracy yardarm knave clap of thunder.</p>', 'posts/post4.jpg', 'yarr-post', 'this be a meta descript', 'keyword1, keyword2, keyword3', 'PUBLISHED', 0, '2022-07-23 07:43:52', '2022-07-23 07:43:52');

-- --------------------------------------------------------

--
-- Estrutura da tabela `produtos`
--

CREATE TABLE `produtos` (
  `id` int(10) UNSIGNED NOT NULL,
  `nome` text COLLATE utf8mb4_unicode_ci NOT NULL,
  `imagem` blob NOT NULL,
  `descricao` longtext COLLATE utf8mb4_unicode_ci NOT NULL,
  `categoria_produto` int(10) UNSIGNED NOT NULL,
  `video_curto` int(11) DEFAULT NULL,
  `created_at` timestamp NULL DEFAULT NULL,
  `updated_at` timestamp NULL DEFAULT NULL,
  `preco` text COLLATE utf8mb4_unicode_ci NOT NULL,
  `empresa_id` int(10) UNSIGNED NOT NULL,
  `user_id` int(11) DEFAULT NULL
) ENGINE=InnoDB DEFAULT CHARSET=utf8mb4 COLLATE=utf8mb4_unicode_ci;

--
-- Extraindo dados da tabela `produtos`
--

INSERT INTO `produtos` (`id`, `nome`, `imagem`, `descricao`, `categoria_produto`, `video_curto`, `created_at`, `updated_at`, `preco`, `empresa_id`, `user_id`) VALUES
(18, 'Pizza', 0x70726f6475746f735c4f63746f626572323032325c415855464d4c416146523477424846376c3137482e6a706567, 'Pizza feita de xxxxxx', 1, NULL, '2022-10-21 05:54:30', '2022-11-10 02:44:18', '10', 7, NULL),
(19, 'Esfirra', 0x70726f6475746f735c4e6f76656d626572323032325c6d70796a4d5a3978334e706641585454394131622e6a7067, 'Marquinhos lanches', 2, NULL, '2022-11-10 02:38:04', '2022-11-22 02:50:03', '20', 7, NULL);

-- --------------------------------------------------------

--
-- Estrutura da tabela `roles`
--

CREATE TABLE `roles` (
  `id` bigint(20) UNSIGNED NOT NULL,
  `name` varchar(255) COLLATE utf8mb4_unicode_ci NOT NULL,
  `display_name` varchar(255) COLLATE utf8mb4_unicode_ci NOT NULL,
  `created_at` timestamp NULL DEFAULT NULL,
  `updated_at` timestamp NULL DEFAULT NULL
) ENGINE=InnoDB DEFAULT CHARSET=utf8mb4 COLLATE=utf8mb4_unicode_ci;

--
-- Extraindo dados da tabela `roles`
--

INSERT INTO `roles` (`id`, `name`, `display_name`, `created_at`, `updated_at`) VALUES
(1, 'admin', 'Administrator', '2022-07-23 07:43:51', '2022-07-23 07:43:51'),
(2, 'user', 'Normal User', '2022-07-23 07:43:51', '2022-07-23 07:43:51'),
(3, 'empresario', 'Empresário', '2022-09-24 01:53:42', '2022-09-24 01:53:42');

-- --------------------------------------------------------

--
-- Estrutura da tabela `settings`
--

CREATE TABLE `settings` (
  `id` int(10) UNSIGNED NOT NULL,
  `key` varchar(255) COLLATE utf8mb4_unicode_ci NOT NULL,
  `display_name` varchar(255) COLLATE utf8mb4_unicode_ci NOT NULL,
  `value` text COLLATE utf8mb4_unicode_ci DEFAULT NULL,
  `details` text COLLATE utf8mb4_unicode_ci DEFAULT NULL,
  `type` varchar(255) COLLATE utf8mb4_unicode_ci NOT NULL,
  `order` int(11) NOT NULL DEFAULT 1,
  `group` varchar(255) COLLATE utf8mb4_unicode_ci DEFAULT NULL
) ENGINE=InnoDB DEFAULT CHARSET=utf8mb4 COLLATE=utf8mb4_unicode_ci;

--
-- Extraindo dados da tabela `settings`
--

INSERT INTO `settings` (`id`, `key`, `display_name`, `value`, `details`, `type`, `order`, `group`) VALUES
(1, 'site.title', 'Site Title', 'Site Title', '', 'text', 1, 'Site'),
(2, 'site.description', 'Site Description', 'Site Description', '', 'text', 2, 'Site'),
(3, 'site.logo', 'Site Logo', '', '', 'image', 3, 'Site'),
(4, 'site.google_analytics_tracking_id', 'Google Analytics Tracking ID', NULL, '', 'text', 4, 'Site'),
(5, 'admin.bg_image', 'Admin Background Image', '', '', 'image', 5, 'Admin'),
(6, 'admin.title', 'Admin Title', 'Site de divulgação', '', 'text', 1, 'Admin'),
(7, 'admin.description', 'Admin Description', 'Site de divulgação de comércios locais', '', 'text', 2, 'Admin'),
(8, 'admin.loader', 'Admin Loader', '', '', 'image', 3, 'Admin'),
(9, 'admin.icon_image', 'Admin Icon Image', '', '', 'image', 4, 'Admin'),
(10, 'admin.google_analytics_client_id', 'Google Analytics Client ID (used for admin dashboard)', NULL, '', 'text', 1, 'Admin');

-- --------------------------------------------------------

--
-- Estrutura da tabela `translations`
--

CREATE TABLE `translations` (
  `id` int(10) UNSIGNED NOT NULL,
  `table_name` varchar(255) COLLATE utf8mb4_unicode_ci NOT NULL,
  `column_name` varchar(255) COLLATE utf8mb4_unicode_ci NOT NULL,
  `foreign_key` int(10) UNSIGNED NOT NULL,
  `locale` varchar(255) COLLATE utf8mb4_unicode_ci NOT NULL,
  `value` text COLLATE utf8mb4_unicode_ci NOT NULL,
  `created_at` timestamp NULL DEFAULT NULL,
  `updated_at` timestamp NULL DEFAULT NULL
) ENGINE=InnoDB DEFAULT CHARSET=utf8mb4 COLLATE=utf8mb4_unicode_ci;

--
-- Extraindo dados da tabela `translations`
--

INSERT INTO `translations` (`id`, `table_name`, `column_name`, `foreign_key`, `locale`, `value`, `created_at`, `updated_at`) VALUES
(1, 'data_types', 'display_name_singular', 5, 'pt', 'Post', '2022-07-23 07:43:52', '2022-07-23 07:43:52'),
(2, 'data_types', 'display_name_singular', 6, 'pt', 'Página', '2022-07-23 07:43:52', '2022-07-23 07:43:52'),
(3, 'data_types', 'display_name_singular', 1, 'pt', 'Utilizador', '2022-07-23 07:43:52', '2022-07-23 07:43:52'),
(4, 'data_types', 'display_name_singular', 4, 'pt', 'Categoria', '2022-07-23 07:43:52', '2022-07-23 07:43:52'),
(5, 'data_types', 'display_name_singular', 2, 'pt', 'Menu', '2022-07-23 07:43:52', '2022-07-23 07:43:52'),
(6, 'data_types', 'display_name_singular', 3, 'pt', 'Função', '2022-07-23 07:43:52', '2022-07-23 07:43:52'),
(7, 'data_types', 'display_name_plural', 5, 'pt', 'Posts', '2022-07-23 07:43:52', '2022-07-23 07:43:52'),
(8, 'data_types', 'display_name_plural', 6, 'pt', 'Páginas', '2022-07-23 07:43:52', '2022-07-23 07:43:52'),
(9, 'data_types', 'display_name_plural', 1, 'pt', 'Utilizadores', '2022-07-23 07:43:52', '2022-07-23 07:43:52'),
(10, 'data_types', 'display_name_plural', 4, 'pt', 'Categorias', '2022-07-23 07:43:52', '2022-07-23 07:43:52'),
(11, 'data_types', 'display_name_plural', 2, 'pt', 'Menus', '2022-07-23 07:43:52', '2022-07-23 07:43:52'),
(12, 'data_types', 'display_name_plural', 3, 'pt', 'Funções', '2022-07-23 07:43:52', '2022-07-23 07:43:52'),
(13, 'categories', 'slug', 1, 'pt', 'categoria-1', '2022-07-23 07:43:52', '2022-07-23 07:43:52'),
(14, 'categories', 'name', 1, 'pt', 'Categoria 1', '2022-07-23 07:43:52', '2022-07-23 07:43:52'),
(15, 'categories', 'slug', 2, 'pt', 'categoria-2', '2022-07-23 07:43:52', '2022-07-23 07:43:52'),
(16, 'categories', 'name', 2, 'pt', 'Categoria 2', '2022-07-23 07:43:52', '2022-07-23 07:43:52'),
(17, 'pages', 'title', 1, 'pt', 'Olá Mundo', '2022-07-23 07:43:52', '2022-07-23 07:43:52'),
(18, 'pages', 'slug', 1, 'pt', 'ola-mundo', '2022-07-23 07:43:52', '2022-07-23 07:43:52'),
(19, 'pages', 'body', 1, 'pt', '<p>Olá Mundo. Scallywag grog swab Cat o\'nine tails scuttle rigging hardtack cable nipper Yellow Jack. Handsomely spirits knave lad killick landlubber or just lubber deadlights chantey pinnace crack Jennys tea cup. Provost long clothes black spot Yellow Jack bilged on her anchor league lateen sail case shot lee tackle.</p>\r\n<p>Ballast spirits fluke topmast me quarterdeck schooner landlubber or just lubber gabion belaying pin. Pinnace stern galleon starboard warp carouser to go on account dance the hempen jig jolly boat measured fer yer chains. Man-of-war fire in the hole nipperkin handsomely doubloon barkadeer Brethren of the Coast gibbet driver squiffy.</p>', '2022-07-23 07:43:52', '2022-07-23 07:43:52'),
(20, 'menu_items', 'title', 1, 'pt', 'Painel de Controle', '2022-07-23 07:43:52', '2022-07-23 07:43:52'),
(21, 'menu_items', 'title', 2, 'pt', 'Media', '2022-07-23 07:43:52', '2022-07-23 07:43:52'),
(22, 'menu_items', 'title', 12, 'pt', 'Publicações', '2022-07-23 07:43:52', '2022-07-23 07:43:52'),
(23, 'menu_items', 'title', 3, 'pt', 'Utilizadores', '2022-07-23 07:43:52', '2022-07-23 07:43:52'),
(24, 'menu_items', 'title', 11, 'pt', 'Categorias', '2022-07-23 07:43:52', '2022-07-23 07:43:52'),
(25, 'menu_items', 'title', 13, 'pt', 'Páginas', '2022-07-23 07:43:52', '2022-07-23 07:43:52'),
(26, 'menu_items', 'title', 4, 'pt', 'Funções', '2022-07-23 07:43:52', '2022-07-23 07:43:52'),
(27, 'menu_items', 'title', 5, 'pt', 'Ferramentas', '2022-07-23 07:43:52', '2022-07-23 07:43:52'),
(28, 'menu_items', 'title', 6, 'pt', 'Menus', '2022-07-23 07:43:52', '2022-07-23 07:43:52'),
(29, 'menu_items', 'title', 7, 'pt', 'Base de dados', '2022-07-23 07:43:52', '2022-07-23 07:43:52'),
(30, 'menu_items', 'title', 10, 'pt', 'Configurações', '2022-07-23 07:43:52', '2022-07-23 07:43:52');

-- --------------------------------------------------------

--
-- Estrutura da tabela `users`
--

CREATE TABLE `users` (
  `id` bigint(20) UNSIGNED NOT NULL,
  `role_id` bigint(20) UNSIGNED DEFAULT NULL,
  `name` varchar(255) COLLATE utf8mb4_unicode_ci NOT NULL,
  `email` varchar(255) COLLATE utf8mb4_unicode_ci NOT NULL,
  `avatar` varchar(255) COLLATE utf8mb4_unicode_ci DEFAULT 'users/default.png',
  `email_verified_at` timestamp NULL DEFAULT NULL,
  `password` varchar(255) COLLATE utf8mb4_unicode_ci NOT NULL,
  `two_factor_secret` text COLLATE utf8mb4_unicode_ci DEFAULT NULL,
  `two_factor_recovery_codes` text COLLATE utf8mb4_unicode_ci DEFAULT NULL,
  `two_factor_confirmed_at` timestamp NULL DEFAULT NULL,
  `remember_token` varchar(100) COLLATE utf8mb4_unicode_ci DEFAULT NULL,
  `settings` text COLLATE utf8mb4_unicode_ci DEFAULT NULL,
  `created_at` timestamp NULL DEFAULT NULL,
  `updated_at` timestamp NULL DEFAULT NULL,
  `cpf_cnpj` text COLLATE utf8mb4_unicode_ci DEFAULT NULL
) ENGINE=InnoDB DEFAULT CHARSET=utf8mb4 COLLATE=utf8mb4_unicode_ci;

--
-- Extraindo dados da tabela `users`
--

INSERT INTO `users` (`id`, `role_id`, `name`, `email`, `avatar`, `email_verified_at`, `password`, `two_factor_secret`, `two_factor_recovery_codes`, `two_factor_confirmed_at`, `remember_token`, `settings`, `created_at`, `updated_at`, `cpf_cnpj`) VALUES
(1, 1, 'Admin', 'admin@admin.com', 'users/default.png', NULL, '$2y$10$MBKWO2YPTLf699.B1z3pbOmrNR3fCQFlqX3y9GRP0bLnH5Yv.Zbgu', NULL, NULL, NULL, 'SqZZ0XisP53JZajzJP5aAYgtwKFggduBTcEqXp11I3xPqkZmxru6fLwkQnn2', NULL, '2022-07-23 07:43:52', '2022-07-23 07:43:52', NULL),
(2, 2, 'joao', 'joao@gmail.com', 'users/default.png', NULL, '$2y$10$DuopizLqJtdezVL9HOwYsurNOjhjb99nvKlzpkyQwYeLTIuAvbQ0O', NULL, NULL, NULL, NULL, NULL, '2022-09-18 01:25:54', '2022-09-18 01:25:54', NULL),
(3, 2, 'joao', 'joao5@gmail.com', 'users/default.png', NULL, '$2y$10$nJ5BjciJ5YgACyKlUFxgi.GcA.EaGoIpDrV0RDoEujv7DbVjaGSkm', NULL, NULL, NULL, NULL, NULL, '2022-11-20 02:59:54', '2022-11-20 02:59:54', NULL),
(4, 3, 'joao  empresario', 'joao_empresario@gmail.com', 'users/default.png', NULL, '12345678', NULL, NULL, NULL, NULL, NULL, '2022-11-27 03:57:21', '2022-11-27 03:57:21', NULL),
(5, 3, 'joao  empresario2', 'joao_empresario2@gmail.com', 'users/default.png', NULL, '$2y$10$y8y2M.Vb2EGLn2f2lOFQp.pKJJzoNxEAA.R9NcGr/l9dxsXR2DCF.', NULL, NULL, NULL, NULL, NULL, '2022-11-27 04:12:40', '2022-11-27 04:12:40', NULL),
(6, 3, 'joao  empresario3', 'joao_empresario3@gmail.com', 'users/default.png', NULL, '$2y$10$./OQv.Lzcrz/9cE2CvYVB.UGaDYrqoFX/1hif7pGDACNY0zzfc4L2', NULL, NULL, NULL, NULL, NULL, '2022-11-27 04:18:39', '2022-11-27 04:18:39', '0000000000001');

-- --------------------------------------------------------

--
-- Estrutura da tabela `user_roles`
--

CREATE TABLE `user_roles` (
  `user_id` bigint(20) UNSIGNED NOT NULL,
  `role_id` bigint(20) UNSIGNED NOT NULL
) ENGINE=InnoDB DEFAULT CHARSET=utf8mb4 COLLATE=utf8mb4_unicode_ci;

--
-- Índices para tabelas despejadas
--

--
-- Índices para tabela `categoria_empresas`
--
ALTER TABLE `categoria_empresas`
  ADD PRIMARY KEY (`id`);

--
-- Índices para tabela `categoria_produtos`
--
ALTER TABLE `categoria_produtos`
  ADD PRIMARY KEY (`id`);

--
-- Índices para tabela `categories`
--
ALTER TABLE `categories`
  ADD PRIMARY KEY (`id`),
  ADD UNIQUE KEY `categories_slug_unique` (`slug`),
  ADD KEY `categories_parent_id_foreign` (`parent_id`);

--
-- Índices para tabela `cidades`
--
ALTER TABLE `cidades`
  ADD PRIMARY KEY (`id`);

--
-- Índices para tabela `data_rows`
--
ALTER TABLE `data_rows`
  ADD PRIMARY KEY (`id`),
  ADD KEY `data_rows_data_type_id_foreign` (`data_type_id`);

--
-- Índices para tabela `data_types`
--
ALTER TABLE `data_types`
  ADD PRIMARY KEY (`id`),
  ADD UNIQUE KEY `data_types_name_unique` (`name`),
  ADD UNIQUE KEY `data_types_slug_unique` (`slug`);

--
-- Índices para tabela `empresas`
--
ALTER TABLE `empresas`
  ADD PRIMARY KEY (`id`);

--
-- Índices para tabela `estados`
--
ALTER TABLE `estados`
  ADD PRIMARY KEY (`id`);

--
-- Índices para tabela `failed_jobs`
--
ALTER TABLE `failed_jobs`
  ADD PRIMARY KEY (`id`),
  ADD UNIQUE KEY `failed_jobs_uuid_unique` (`uuid`);

--
-- Índices para tabela `menus`
--
ALTER TABLE `menus`
  ADD PRIMARY KEY (`id`),
  ADD UNIQUE KEY `menus_name_unique` (`name`);

--
-- Índices para tabela `menu_items`
--
ALTER TABLE `menu_items`
  ADD PRIMARY KEY (`id`),
  ADD KEY `menu_items_menu_id_foreign` (`menu_id`);

--
-- Índices para tabela `migrations`
--
ALTER TABLE `migrations`
  ADD PRIMARY KEY (`id`);

--
-- Índices para tabela `pages`
--
ALTER TABLE `pages`
  ADD PRIMARY KEY (`id`),
  ADD UNIQUE KEY `pages_slug_unique` (`slug`);

--
-- Índices para tabela `password_resets`
--
ALTER TABLE `password_resets`
  ADD KEY `password_resets_email_index` (`email`);

--
-- Índices para tabela `pedidos`
--
ALTER TABLE `pedidos`
  ADD PRIMARY KEY (`id`);

--
-- Índices para tabela `permissions`
--
ALTER TABLE `permissions`
  ADD PRIMARY KEY (`id`),
  ADD KEY `permissions_key_index` (`key`);

--
-- Índices para tabela `permission_role`
--
ALTER TABLE `permission_role`
  ADD PRIMARY KEY (`permission_id`,`role_id`),
  ADD KEY `permission_role_permission_id_index` (`permission_id`),
  ADD KEY `permission_role_role_id_index` (`role_id`);

--
-- Índices para tabela `personal_access_tokens`
--
ALTER TABLE `personal_access_tokens`
  ADD PRIMARY KEY (`id`),
  ADD UNIQUE KEY `personal_access_tokens_token_unique` (`token`),
  ADD KEY `personal_access_tokens_tokenable_type_tokenable_id_index` (`tokenable_type`,`tokenable_id`);

--
-- Índices para tabela `posts`
--
ALTER TABLE `posts`
  ADD PRIMARY KEY (`id`),
  ADD UNIQUE KEY `posts_slug_unique` (`slug`);

--
-- Índices para tabela `produtos`
--
ALTER TABLE `produtos`
  ADD PRIMARY KEY (`id`);

--
-- Índices para tabela `roles`
--
ALTER TABLE `roles`
  ADD PRIMARY KEY (`id`),
  ADD UNIQUE KEY `roles_name_unique` (`name`);

--
-- Índices para tabela `settings`
--
ALTER TABLE `settings`
  ADD PRIMARY KEY (`id`),
  ADD UNIQUE KEY `settings_key_unique` (`key`);

--
-- Índices para tabela `translations`
--
ALTER TABLE `translations`
  ADD PRIMARY KEY (`id`),
  ADD UNIQUE KEY `translations_table_name_column_name_foreign_key_locale_unique` (`table_name`,`column_name`,`foreign_key`,`locale`);

--
-- Índices para tabela `users`
--
ALTER TABLE `users`
  ADD PRIMARY KEY (`id`),
  ADD UNIQUE KEY `users_email_unique` (`email`),
  ADD KEY `users_role_id_foreign` (`role_id`);

--
-- Índices para tabela `user_roles`
--
ALTER TABLE `user_roles`
  ADD PRIMARY KEY (`user_id`,`role_id`),
  ADD KEY `user_roles_user_id_index` (`user_id`),
  ADD KEY `user_roles_role_id_index` (`role_id`);

--
-- AUTO_INCREMENT de tabelas despejadas
--

--
-- AUTO_INCREMENT de tabela `categoria_empresas`
--
ALTER TABLE `categoria_empresas`
  MODIFY `id` int(10) UNSIGNED NOT NULL AUTO_INCREMENT, AUTO_INCREMENT=2;

--
-- AUTO_INCREMENT de tabela `categoria_produtos`
--
ALTER TABLE `categoria_produtos`
  MODIFY `id` int(10) UNSIGNED NOT NULL AUTO_INCREMENT, AUTO_INCREMENT=3;

--
-- AUTO_INCREMENT de tabela `categories`
--
ALTER TABLE `categories`
  MODIFY `id` int(10) UNSIGNED NOT NULL AUTO_INCREMENT, AUTO_INCREMENT=3;

--
-- AUTO_INCREMENT de tabela `cidades`
--
ALTER TABLE `cidades`
  MODIFY `id` int(10) UNSIGNED NOT NULL AUTO_INCREMENT, AUTO_INCREMENT=2;

--
-- AUTO_INCREMENT de tabela `data_rows`
--
ALTER TABLE `data_rows`
  MODIFY `id` int(10) UNSIGNED NOT NULL AUTO_INCREMENT, AUTO_INCREMENT=225;

--
-- AUTO_INCREMENT de tabela `data_types`
--
ALTER TABLE `data_types`
  MODIFY `id` int(10) UNSIGNED NOT NULL AUTO_INCREMENT, AUTO_INCREMENT=41;

--
-- AUTO_INCREMENT de tabela `empresas`
--
ALTER TABLE `empresas`
  MODIFY `id` int(10) UNSIGNED NOT NULL AUTO_INCREMENT, AUTO_INCREMENT=10;

--
-- AUTO_INCREMENT de tabela `estados`
--
ALTER TABLE `estados`
  MODIFY `id` int(10) UNSIGNED NOT NULL AUTO_INCREMENT, AUTO_INCREMENT=3;

--
-- AUTO_INCREMENT de tabela `failed_jobs`
--
ALTER TABLE `failed_jobs`
  MODIFY `id` bigint(20) UNSIGNED NOT NULL AUTO_INCREMENT;

--
-- AUTO_INCREMENT de tabela `menus`
--
ALTER TABLE `menus`
  MODIFY `id` int(10) UNSIGNED NOT NULL AUTO_INCREMENT, AUTO_INCREMENT=2;

--
-- AUTO_INCREMENT de tabela `menu_items`
--
ALTER TABLE `menu_items`
  MODIFY `id` int(10) UNSIGNED NOT NULL AUTO_INCREMENT, AUTO_INCREMENT=36;

--
-- AUTO_INCREMENT de tabela `migrations`
--
ALTER TABLE `migrations`
  MODIFY `id` int(10) UNSIGNED NOT NULL AUTO_INCREMENT, AUTO_INCREMENT=30;

--
-- AUTO_INCREMENT de tabela `pages`
--
ALTER TABLE `pages`
  MODIFY `id` int(10) UNSIGNED NOT NULL AUTO_INCREMENT, AUTO_INCREMENT=2;

--
-- AUTO_INCREMENT de tabela `pedidos`
--
ALTER TABLE `pedidos`
  MODIFY `id` int(10) UNSIGNED NOT NULL AUTO_INCREMENT, AUTO_INCREMENT=3;

--
-- AUTO_INCREMENT de tabela `permissions`
--
ALTER TABLE `permissions`
  MODIFY `id` bigint(20) UNSIGNED NOT NULL AUTO_INCREMENT, AUTO_INCREMENT=151;

--
-- AUTO_INCREMENT de tabela `personal_access_tokens`
--
ALTER TABLE `personal_access_tokens`
  MODIFY `id` bigint(20) UNSIGNED NOT NULL AUTO_INCREMENT;

--
-- AUTO_INCREMENT de tabela `posts`
--
ALTER TABLE `posts`
  MODIFY `id` int(10) UNSIGNED NOT NULL AUTO_INCREMENT, AUTO_INCREMENT=5;

--
-- AUTO_INCREMENT de tabela `produtos`
--
ALTER TABLE `produtos`
  MODIFY `id` int(10) UNSIGNED NOT NULL AUTO_INCREMENT, AUTO_INCREMENT=20;

--
-- AUTO_INCREMENT de tabela `roles`
--
ALTER TABLE `roles`
  MODIFY `id` bigint(20) UNSIGNED NOT NULL AUTO_INCREMENT, AUTO_INCREMENT=4;

--
-- AUTO_INCREMENT de tabela `settings`
--
ALTER TABLE `settings`
  MODIFY `id` int(10) UNSIGNED NOT NULL AUTO_INCREMENT, AUTO_INCREMENT=11;

--
-- AUTO_INCREMENT de tabela `translations`
--
ALTER TABLE `translations`
  MODIFY `id` int(10) UNSIGNED NOT NULL AUTO_INCREMENT, AUTO_INCREMENT=31;

--
-- AUTO_INCREMENT de tabela `users`
--
ALTER TABLE `users`
  MODIFY `id` bigint(20) UNSIGNED NOT NULL AUTO_INCREMENT, AUTO_INCREMENT=7;

--
-- Restrições para despejos de tabelas
--

--
-- Limitadores para a tabela `categories`
--
ALTER TABLE `categories`
  ADD CONSTRAINT `categories_parent_id_foreign` FOREIGN KEY (`parent_id`) REFERENCES `categories` (`id`) ON DELETE SET NULL ON UPDATE CASCADE;

--
-- Limitadores para a tabela `data_rows`
--
ALTER TABLE `data_rows`
  ADD CONSTRAINT `data_rows_data_type_id_foreign` FOREIGN KEY (`data_type_id`) REFERENCES `data_types` (`id`) ON DELETE CASCADE ON UPDATE CASCADE;

--
-- Limitadores para a tabela `menu_items`
--
ALTER TABLE `menu_items`
  ADD CONSTRAINT `menu_items_menu_id_foreign` FOREIGN KEY (`menu_id`) REFERENCES `menus` (`id`) ON DELETE CASCADE;

--
-- Limitadores para a tabela `permission_role`
--
ALTER TABLE `permission_role`
  ADD CONSTRAINT `permission_role_permission_id_foreign` FOREIGN KEY (`permission_id`) REFERENCES `permissions` (`id`) ON DELETE CASCADE,
  ADD CONSTRAINT `permission_role_role_id_foreign` FOREIGN KEY (`role_id`) REFERENCES `roles` (`id`) ON DELETE CASCADE;

--
-- Limitadores para a tabela `users`
--
ALTER TABLE `users`
  ADD CONSTRAINT `users_role_id_foreign` FOREIGN KEY (`role_id`) REFERENCES `roles` (`id`);

--
-- Limitadores para a tabela `user_roles`
--
ALTER TABLE `user_roles`
  ADD CONSTRAINT `user_roles_role_id_foreign` FOREIGN KEY (`role_id`) REFERENCES `roles` (`id`) ON DELETE CASCADE,
  ADD CONSTRAINT `user_roles_user_id_foreign` FOREIGN KEY (`user_id`) REFERENCES `users` (`id`) ON DELETE CASCADE;
--
-- Banco de dados: `phpmyadmin`
--
CREATE DATABASE IF NOT EXISTS `phpmyadmin` DEFAULT CHARACTER SET utf8 COLLATE utf8_bin;
USE `phpmyadmin`;

-- --------------------------------------------------------

--
-- Estrutura da tabela `pma__bookmark`
--

CREATE TABLE `pma__bookmark` (
  `id` int(10) UNSIGNED NOT NULL,
  `dbase` varchar(255) COLLATE utf8_bin NOT NULL DEFAULT '',
  `user` varchar(255) COLLATE utf8_bin NOT NULL DEFAULT '',
  `label` varchar(255) CHARACTER SET utf8 NOT NULL DEFAULT '',
  `query` text COLLATE utf8_bin NOT NULL
) ENGINE=InnoDB DEFAULT CHARSET=utf8 COLLATE=utf8_bin COMMENT='Bookmarks';

-- --------------------------------------------------------

--
-- Estrutura da tabela `pma__central_columns`
--

CREATE TABLE `pma__central_columns` (
  `db_name` varchar(64) COLLATE utf8_bin NOT NULL,
  `col_name` varchar(64) COLLATE utf8_bin NOT NULL,
  `col_type` varchar(64) COLLATE utf8_bin NOT NULL,
  `col_length` text COLLATE utf8_bin DEFAULT NULL,
  `col_collation` varchar(64) COLLATE utf8_bin NOT NULL,
  `col_isNull` tinyint(1) NOT NULL,
  `col_extra` varchar(255) COLLATE utf8_bin DEFAULT '',
  `col_default` text COLLATE utf8_bin DEFAULT NULL
) ENGINE=InnoDB DEFAULT CHARSET=utf8 COLLATE=utf8_bin COMMENT='Central list of columns';

-- --------------------------------------------------------

--
-- Estrutura da tabela `pma__column_info`
--

CREATE TABLE `pma__column_info` (
  `id` int(5) UNSIGNED NOT NULL,
  `db_name` varchar(64) COLLATE utf8_bin NOT NULL DEFAULT '',
  `table_name` varchar(64) COLLATE utf8_bin NOT NULL DEFAULT '',
  `column_name` varchar(64) COLLATE utf8_bin NOT NULL DEFAULT '',
  `comment` varchar(255) CHARACTER SET utf8 NOT NULL DEFAULT '',
  `mimetype` varchar(255) CHARACTER SET utf8 NOT NULL DEFAULT '',
  `transformation` varchar(255) COLLATE utf8_bin NOT NULL DEFAULT '',
  `transformation_options` varchar(255) COLLATE utf8_bin NOT NULL DEFAULT '',
  `input_transformation` varchar(255) COLLATE utf8_bin NOT NULL DEFAULT '',
  `input_transformation_options` varchar(255) COLLATE utf8_bin NOT NULL DEFAULT ''
) ENGINE=InnoDB DEFAULT CHARSET=utf8 COLLATE=utf8_bin COMMENT='Column information for phpMyAdmin';

-- --------------------------------------------------------

--
-- Estrutura da tabela `pma__designer_settings`
--

CREATE TABLE `pma__designer_settings` (
  `username` varchar(64) COLLATE utf8_bin NOT NULL,
  `settings_data` text COLLATE utf8_bin NOT NULL
) ENGINE=InnoDB DEFAULT CHARSET=utf8 COLLATE=utf8_bin COMMENT='Settings related to Designer';

-- --------------------------------------------------------

--
-- Estrutura da tabela `pma__export_templates`
--

CREATE TABLE `pma__export_templates` (
  `id` int(5) UNSIGNED NOT NULL,
  `username` varchar(64) COLLATE utf8_bin NOT NULL,
  `export_type` varchar(10) COLLATE utf8_bin NOT NULL,
  `template_name` varchar(64) COLLATE utf8_bin NOT NULL,
  `template_data` text COLLATE utf8_bin NOT NULL
) ENGINE=InnoDB DEFAULT CHARSET=utf8 COLLATE=utf8_bin COMMENT='Saved export templates';

-- --------------------------------------------------------

--
-- Estrutura da tabela `pma__favorite`
--

CREATE TABLE `pma__favorite` (
  `username` varchar(64) COLLATE utf8_bin NOT NULL,
  `tables` text COLLATE utf8_bin NOT NULL
) ENGINE=InnoDB DEFAULT CHARSET=utf8 COLLATE=utf8_bin COMMENT='Favorite tables';

-- --------------------------------------------------------

--
-- Estrutura da tabela `pma__history`
--

CREATE TABLE `pma__history` (
  `id` bigint(20) UNSIGNED NOT NULL,
  `username` varchar(64) COLLATE utf8_bin NOT NULL DEFAULT '',
  `db` varchar(64) COLLATE utf8_bin NOT NULL DEFAULT '',
  `table` varchar(64) COLLATE utf8_bin NOT NULL DEFAULT '',
  `timevalue` timestamp NOT NULL DEFAULT current_timestamp(),
  `sqlquery` text COLLATE utf8_bin NOT NULL
) ENGINE=InnoDB DEFAULT CHARSET=utf8 COLLATE=utf8_bin COMMENT='SQL history for phpMyAdmin';

-- --------------------------------------------------------

--
-- Estrutura da tabela `pma__navigationhiding`
--

CREATE TABLE `pma__navigationhiding` (
  `username` varchar(64) COLLATE utf8_bin NOT NULL,
  `item_name` varchar(64) COLLATE utf8_bin NOT NULL,
  `item_type` varchar(64) COLLATE utf8_bin NOT NULL,
  `db_name` varchar(64) COLLATE utf8_bin NOT NULL,
  `table_name` varchar(64) COLLATE utf8_bin NOT NULL
) ENGINE=InnoDB DEFAULT CHARSET=utf8 COLLATE=utf8_bin COMMENT='Hidden items of navigation tree';

-- --------------------------------------------------------

--
-- Estrutura da tabela `pma__pdf_pages`
--

CREATE TABLE `pma__pdf_pages` (
  `db_name` varchar(64) COLLATE utf8_bin NOT NULL DEFAULT '',
  `page_nr` int(10) UNSIGNED NOT NULL,
  `page_descr` varchar(50) CHARACTER SET utf8 NOT NULL DEFAULT ''
) ENGINE=InnoDB DEFAULT CHARSET=utf8 COLLATE=utf8_bin COMMENT='PDF relation pages for phpMyAdmin';

-- --------------------------------------------------------

--
-- Estrutura da tabela `pma__recent`
--

CREATE TABLE `pma__recent` (
  `username` varchar(64) COLLATE utf8_bin NOT NULL,
  `tables` text COLLATE utf8_bin NOT NULL
) ENGINE=InnoDB DEFAULT CHARSET=utf8 COLLATE=utf8_bin COMMENT='Recently accessed tables';

-- --------------------------------------------------------

--
-- Estrutura da tabela `pma__relation`
--

CREATE TABLE `pma__relation` (
  `master_db` varchar(64) COLLATE utf8_bin NOT NULL DEFAULT '',
  `master_table` varchar(64) COLLATE utf8_bin NOT NULL DEFAULT '',
  `master_field` varchar(64) COLLATE utf8_bin NOT NULL DEFAULT '',
  `foreign_db` varchar(64) COLLATE utf8_bin NOT NULL DEFAULT '',
  `foreign_table` varchar(64) COLLATE utf8_bin NOT NULL DEFAULT '',
  `foreign_field` varchar(64) COLLATE utf8_bin NOT NULL DEFAULT ''
) ENGINE=InnoDB DEFAULT CHARSET=utf8 COLLATE=utf8_bin COMMENT='Relation table';

-- --------------------------------------------------------

--
-- Estrutura da tabela `pma__savedsearches`
--

CREATE TABLE `pma__savedsearches` (
  `id` int(5) UNSIGNED NOT NULL,
  `username` varchar(64) COLLATE utf8_bin NOT NULL DEFAULT '',
  `db_name` varchar(64) COLLATE utf8_bin NOT NULL DEFAULT '',
  `search_name` varchar(64) COLLATE utf8_bin NOT NULL DEFAULT '',
  `search_data` text COLLATE utf8_bin NOT NULL
) ENGINE=InnoDB DEFAULT CHARSET=utf8 COLLATE=utf8_bin COMMENT='Saved searches';

-- --------------------------------------------------------

--
-- Estrutura da tabela `pma__table_coords`
--

CREATE TABLE `pma__table_coords` (
  `db_name` varchar(64) COLLATE utf8_bin NOT NULL DEFAULT '',
  `table_name` varchar(64) COLLATE utf8_bin NOT NULL DEFAULT '',
  `pdf_page_number` int(11) NOT NULL DEFAULT 0,
  `x` float UNSIGNED NOT NULL DEFAULT 0,
  `y` float UNSIGNED NOT NULL DEFAULT 0
) ENGINE=InnoDB DEFAULT CHARSET=utf8 COLLATE=utf8_bin COMMENT='Table coordinates for phpMyAdmin PDF output';

-- --------------------------------------------------------

--
-- Estrutura da tabela `pma__table_info`
--

CREATE TABLE `pma__table_info` (
  `db_name` varchar(64) COLLATE utf8_bin NOT NULL DEFAULT '',
  `table_name` varchar(64) COLLATE utf8_bin NOT NULL DEFAULT '',
  `display_field` varchar(64) COLLATE utf8_bin NOT NULL DEFAULT ''
) ENGINE=InnoDB DEFAULT CHARSET=utf8 COLLATE=utf8_bin COMMENT='Table information for phpMyAdmin';

-- --------------------------------------------------------

--
-- Estrutura da tabela `pma__table_uiprefs`
--

CREATE TABLE `pma__table_uiprefs` (
  `username` varchar(64) COLLATE utf8_bin NOT NULL,
  `db_name` varchar(64) COLLATE utf8_bin NOT NULL,
  `table_name` varchar(64) COLLATE utf8_bin NOT NULL,
  `prefs` text COLLATE utf8_bin NOT NULL,
  `last_update` timestamp NOT NULL DEFAULT current_timestamp() ON UPDATE current_timestamp()
) ENGINE=InnoDB DEFAULT CHARSET=utf8 COLLATE=utf8_bin COMMENT='Tables'' UI preferences';

-- --------------------------------------------------------

--
-- Estrutura da tabela `pma__tracking`
--

CREATE TABLE `pma__tracking` (
  `db_name` varchar(64) COLLATE utf8_bin NOT NULL,
  `table_name` varchar(64) COLLATE utf8_bin NOT NULL,
  `version` int(10) UNSIGNED NOT NULL,
  `date_created` datetime NOT NULL,
  `date_updated` datetime NOT NULL,
  `schema_snapshot` text COLLATE utf8_bin NOT NULL,
  `schema_sql` text COLLATE utf8_bin DEFAULT NULL,
  `data_sql` longtext COLLATE utf8_bin DEFAULT NULL,
  `tracking` set('UPDATE','REPLACE','INSERT','DELETE','TRUNCATE','CREATE DATABASE','ALTER DATABASE','DROP DATABASE','CREATE TABLE','ALTER TABLE','RENAME TABLE','DROP TABLE','CREATE INDEX','DROP INDEX','CREATE VIEW','ALTER VIEW','DROP VIEW') COLLATE utf8_bin DEFAULT NULL,
  `tracking_active` int(1) UNSIGNED NOT NULL DEFAULT 1
) ENGINE=InnoDB DEFAULT CHARSET=utf8 COLLATE=utf8_bin COMMENT='Database changes tracking for phpMyAdmin';

-- --------------------------------------------------------

--
-- Estrutura da tabela `pma__userconfig`
--

CREATE TABLE `pma__userconfig` (
  `username` varchar(64) COLLATE utf8_bin NOT NULL,
  `timevalue` timestamp NOT NULL DEFAULT current_timestamp() ON UPDATE current_timestamp(),
  `config_data` text COLLATE utf8_bin NOT NULL
) ENGINE=InnoDB DEFAULT CHARSET=utf8 COLLATE=utf8_bin COMMENT='User preferences storage for phpMyAdmin';

--
-- Extraindo dados da tabela `pma__userconfig`
--

INSERT INTO `pma__userconfig` (`username`, `timevalue`, `config_data`) VALUES
('root', '2022-11-21 22:50:18', '{\"Console\\/Mode\":\"collapse\",\"lang\":\"pt\"}');

-- --------------------------------------------------------

--
-- Estrutura da tabela `pma__usergroups`
--

CREATE TABLE `pma__usergroups` (
  `usergroup` varchar(64) COLLATE utf8_bin NOT NULL,
  `tab` varchar(64) COLLATE utf8_bin NOT NULL,
  `allowed` enum('Y','N') COLLATE utf8_bin NOT NULL DEFAULT 'N'
) ENGINE=InnoDB DEFAULT CHARSET=utf8 COLLATE=utf8_bin COMMENT='User groups with configured menu items';

-- --------------------------------------------------------

--
-- Estrutura da tabela `pma__users`
--

CREATE TABLE `pma__users` (
  `username` varchar(64) COLLATE utf8_bin NOT NULL,
  `usergroup` varchar(64) COLLATE utf8_bin NOT NULL
) ENGINE=InnoDB DEFAULT CHARSET=utf8 COLLATE=utf8_bin COMMENT='Users and their assignments to user groups';

--
-- Índices para tabelas despejadas
--

--
-- Índices para tabela `pma__bookmark`
--
ALTER TABLE `pma__bookmark`
  ADD PRIMARY KEY (`id`);

--
-- Índices para tabela `pma__central_columns`
--
ALTER TABLE `pma__central_columns`
  ADD PRIMARY KEY (`db_name`,`col_name`);

--
-- Índices para tabela `pma__column_info`
--
ALTER TABLE `pma__column_info`
  ADD PRIMARY KEY (`id`),
  ADD UNIQUE KEY `db_name` (`db_name`,`table_name`,`column_name`);

--
-- Índices para tabela `pma__designer_settings`
--
ALTER TABLE `pma__designer_settings`
  ADD PRIMARY KEY (`username`);

--
-- Índices para tabela `pma__export_templates`
--
ALTER TABLE `pma__export_templates`
  ADD PRIMARY KEY (`id`),
  ADD UNIQUE KEY `u_user_type_template` (`username`,`export_type`,`template_name`);

--
-- Índices para tabela `pma__favorite`
--
ALTER TABLE `pma__favorite`
  ADD PRIMARY KEY (`username`);

--
-- Índices para tabela `pma__history`
--
ALTER TABLE `pma__history`
  ADD PRIMARY KEY (`id`),
  ADD KEY `username` (`username`,`db`,`table`,`timevalue`);

--
-- Índices para tabela `pma__navigationhiding`
--
ALTER TABLE `pma__navigationhiding`
  ADD PRIMARY KEY (`username`,`item_name`,`item_type`,`db_name`,`table_name`);

--
-- Índices para tabela `pma__pdf_pages`
--
ALTER TABLE `pma__pdf_pages`
  ADD PRIMARY KEY (`page_nr`),
  ADD KEY `db_name` (`db_name`);

--
-- Índices para tabela `pma__recent`
--
ALTER TABLE `pma__recent`
  ADD PRIMARY KEY (`username`);

--
-- Índices para tabela `pma__relation`
--
ALTER TABLE `pma__relation`
  ADD PRIMARY KEY (`master_db`,`master_table`,`master_field`),
  ADD KEY `foreign_field` (`foreign_db`,`foreign_table`);

--
-- Índices para tabela `pma__savedsearches`
--
ALTER TABLE `pma__savedsearches`
  ADD PRIMARY KEY (`id`),
  ADD UNIQUE KEY `u_savedsearches_username_dbname` (`username`,`db_name`,`search_name`);

--
-- Índices para tabela `pma__table_coords`
--
ALTER TABLE `pma__table_coords`
  ADD PRIMARY KEY (`db_name`,`table_name`,`pdf_page_number`);

--
-- Índices para tabela `pma__table_info`
--
ALTER TABLE `pma__table_info`
  ADD PRIMARY KEY (`db_name`,`table_name`);

--
-- Índices para tabela `pma__table_uiprefs`
--
ALTER TABLE `pma__table_uiprefs`
  ADD PRIMARY KEY (`username`,`db_name`,`table_name`);

--
-- Índices para tabela `pma__tracking`
--
ALTER TABLE `pma__tracking`
  ADD PRIMARY KEY (`db_name`,`table_name`,`version`);

--
-- Índices para tabela `pma__userconfig`
--
ALTER TABLE `pma__userconfig`
  ADD PRIMARY KEY (`username`);

--
-- Índices para tabela `pma__usergroups`
--
ALTER TABLE `pma__usergroups`
  ADD PRIMARY KEY (`usergroup`,`tab`,`allowed`);

--
-- Índices para tabela `pma__users`
--
ALTER TABLE `pma__users`
  ADD PRIMARY KEY (`username`,`usergroup`);

--
-- AUTO_INCREMENT de tabelas despejadas
--

--
-- AUTO_INCREMENT de tabela `pma__bookmark`
--
ALTER TABLE `pma__bookmark`
  MODIFY `id` int(10) UNSIGNED NOT NULL AUTO_INCREMENT;

--
-- AUTO_INCREMENT de tabela `pma__column_info`
--
ALTER TABLE `pma__column_info`
  MODIFY `id` int(5) UNSIGNED NOT NULL AUTO_INCREMENT;

--
-- AUTO_INCREMENT de tabela `pma__export_templates`
--
ALTER TABLE `pma__export_templates`
  MODIFY `id` int(5) UNSIGNED NOT NULL AUTO_INCREMENT;

--
-- AUTO_INCREMENT de tabela `pma__history`
--
ALTER TABLE `pma__history`
  MODIFY `id` bigint(20) UNSIGNED NOT NULL AUTO_INCREMENT;

--
-- AUTO_INCREMENT de tabela `pma__pdf_pages`
--
ALTER TABLE `pma__pdf_pages`
  MODIFY `page_nr` int(10) UNSIGNED NOT NULL AUTO_INCREMENT;

--
-- AUTO_INCREMENT de tabela `pma__savedsearches`
--
ALTER TABLE `pma__savedsearches`
  MODIFY `id` int(5) UNSIGNED NOT NULL AUTO_INCREMENT;
--
-- Banco de dados: `test`
--
CREATE DATABASE IF NOT EXISTS `test` DEFAULT CHARACTER SET latin1 COLLATE latin1_swedish_ci;
USE `test`;
COMMIT;

/*!40101 SET CHARACTER_SET_CLIENT=@OLD_CHARACTER_SET_CLIENT */;
/*!40101 SET CHARACTER_SET_RESULTS=@OLD_CHARACTER_SET_RESULTS */;
/*!40101 SET COLLATION_CONNECTION=@OLD_COLLATION_CONNECTION */;
